,Id,gender,age,nationality,sport,ind-university_grade,ind-debateclub,ind-programming_exp,ind-international_exp,ind-entrepeneur_exp,ind-languages,ind-exact_study,ind-degree,company,decision,probability
3218,x2753g,male,27,Dutch,Football,69,False,False,False,True,2,True,bachelor,D,False,0.4456936687550626
883,x2314c,female,22,Dutch,Chess,57,False,False,False,False,0,False,bachelor,A,False,0.020252816443348018
367,x1117c,female,26,Dutch,Golf,68,True,True,True,False,2,True,master,A,True,0.9807461000198147
2226,x5182d,male,30,Dutch,Rugby,56,False,False,False,False,2,False,master,C,True,0.43739730686859724
2578,x4739d,female,27,Dutch,Football,56,False,False,True,False,0,False,master,C,False,0.12140587209298191
2219,x5245f,male,27,Dutch,Golf,71,False,True,False,False,1,True,master,C,False,0.09826079347473082
2911,x3482c,female,24,Dutch,Chess,54,False,False,False,False,0,False,bachelor,C,False,0.01138215309494492
2080,x1263f,female,23,Dutch,Golf,68,False,True,True,False,1,True,master,C,True,0.4785529770982421
3746,x8356a,male,24,Dutch,Golf,65,False,True,False,False,1,True,bachelor,D,True,0.238570252082129
2368,x2052a,male,26,German,Rugby,51,True,False,False,False,2,False,master,C,True,0.11408723179376425
2096,x9143b,male,30,Dutch,Football,52,True,False,False,True,2,False,master,C,True,0.11762961299459943
1336,x5695c,male,26,Dutch,Football,59,False,False,False,False,1,False,master,B,False,0.03571828817597414
3822,x6933f,female,25,Dutch,Running,61,False,False,False,False,0,True,master,D,False,0.10542134667339109
3345,x6111g,female,22,Dutch,Swimming,58,False,True,False,False,1,False,bachelor,D,False,0.0206089563501931
3793,x8117e,female,27,Dutch,Chess,62,False,False,True,False,0,True,master,D,False,0.1478450410154561
3447,x3191f,female,30,Dutch,Football,58,True,False,False,True,3,False,bachelor,D,False,0.0018105914609875973
855,x9081e,male,23,German,Football,59,False,False,False,False,1,False,bachelor,A,False,0.47773947819649654
1630,x6505b,female,30,German,Football,64,False,False,True,False,0,True,master,B,False,0.0004746627739046185
3172,x1191a,male,30,Dutch,Golf,65,False,False,True,False,1,True,bachelor,D,True,0.41561414341036695
1337,x5139a,female,22,Belgian,Swimming,71,False,True,True,False,1,True,master,B,False,0.019829337346309563
149,x5579c,male,27,Dutch,Cricket,67,False,False,True,True,1,False,master,A,True,0.8189787039927544
1313,x7114c,male,25,Dutch,Rugby,52,False,False,False,False,2,False,master,B,True,0.6124972983788958
3396,x2581f,male,21,Dutch,Swimming,61,False,False,False,False,1,True,bachelor,D,False,0.13134943978859628
3400,x6056f,female,32,Belgian,Cricket,69,False,False,True,False,1,True,master,D,True,0.7505460267695265
1825,x9788a,female,21,German,Swimming,65,False,True,False,False,0,True,master,B,False,0.0004082862801577582
836,x9251b,male,24,Dutch,Tennis,59,False,True,False,False,1,True,bachelor,A,False,0.009144263767066441
1547,x3175b,female,27,Dutch,Chess,67,False,True,False,False,1,True,master,B,False,0.013621281901619875
918,x8112b,female,22,Dutch,Chess,73,False,True,False,False,1,True,phd,A,True,0.5411398522196238
3433,x5999d,female,24,Dutch,Tennis,56,False,False,False,False,1,False,bachelor,D,False,0.012404267222927227
3241,x2425f,male,26,Belgian,Football,60,True,False,False,True,3,False,master,D,False,0.029284433869941923
1229,x4953f,female,21,Dutch,Tennis,62,False,False,True,False,1,True,bachelor,B,False,0.016315572643974638
338,x8195a,male,27,Dutch,Football,53,False,False,False,False,0,False,bachelor,A,False,0.019829469225136603
1266,x2838e,male,24,German,Swimming,58,False,False,True,False,2,False,master,B,True,0.5396430753984317
1535,x4285f,female,32,Dutch,Cricket,69,False,True,False,False,1,True,master,B,False,0.019214190114828743
1762,x8780a,male,25,Dutch,Rugby,60,True,False,False,True,2,False,master,B,True,0.9342267980601814
2416,x3433f,female,30,German,Rugby,52,False,False,True,True,2,False,master,C,True,0.6122017552249521
3658,x2700c,female,22,Dutch,Swimming,65,False,False,False,False,0,True,master,D,False,0.23865788179873407
647,x6165a,female,26,German,Tennis,64,False,True,False,False,1,False,bachelor,A,True,0.20896872678286557
2058,x6772f,male,24,Dutch,Rugby,54,True,False,True,True,3,False,master,C,True,0.41922879677572394
2718,x4205a,female,28,Dutch,Running,71,False,True,False,False,0,True,master,C,False,0.019503541686916735
3766,x6235c,female,23,Dutch,Running,66,False,False,False,False,1,True,master,D,True,0.7485974463069045
1257,x1807g,female,28,German,Football,60,False,False,False,False,1,False,master,B,False,0.03806044605528894
999,x7803c,female,22,Dutch,Swimming,68,False,True,False,False,0,True,master,A,False,0.026572409678427368
2271,x8766g,male,28,Dutch,Rugby,54,False,False,True,False,0,False,master,C,False,0.1764412507298898
3166,x7765a,male,21,Dutch,Football,62,False,False,False,False,2,True,bachelor,D,False,0.07160775425609925
1098,x7200c,male,26,Dutch,Rugby,59,False,False,True,True,2,False,master,B,True,0.7715528858248794
1780,x3813e,male,25,Dutch,Swimming,65,True,True,False,False,2,False,bachelor,B,True,0.7415511441355782
408,x1097b,female,27,German,Running,63,True,False,False,False,2,False,bachelor,A,True,0.7302284349236952
1364,x5639f,female,31,German,Rugby,57,False,False,True,False,0,False,master,B,False,0.0013056611262099252
3427,x9073b,male,28,Dutch,Football,58,True,False,False,True,3,False,master,D,False,0.015901264327214167
2850,x6260e,male,24,Dutch,Rugby,58,True,False,True,True,3,False,phd,C,True,0.9693035931781895
2621,x3249c,other,24,Dutch,Football,66,False,False,False,True,2,True,master,C,False,0.2511995342112723
1869,x1642a,male,27,Dutch,Football,55,True,False,False,True,3,False,bachelor,B,True,0.8678962669407796
1396,x3449c,female,28,German,Running,69,False,True,False,False,1,True,master,B,False,0.00986172026565881
622,x7932b,female,24,Dutch,Swimming,63,False,False,False,False,1,True,bachelor,A,False,0.29819179690516234
1607,x2052g,female,21,Dutch,Swimming,64,False,False,False,False,1,True,master,B,False,0.020710098144754777
3580,x1113b,female,23,Dutch,Chess,60,False,False,False,False,0,True,bachelor,D,False,0.08993275903140877
3625,x1034a,female,23,Dutch,Swimming,59,False,False,False,False,1,True,bachelor,D,False,0.07492204082733145
1352,x4225c,female,25,Dutch,Swimming,68,False,True,False,False,1,True,master,B,False,0.018696028444621527
1625,x8017a,male,29,Dutch,Rugby,55,False,False,False,False,1,False,master,B,False,0.047921966261055673
3735,x6338f,female,21,Dutch,Running,57,False,False,False,False,1,False,bachelor,D,False,0.010782822485790235
1354,x3915e,male,25,Dutch,Rugby,54,True,False,False,True,3,False,master,B,True,0.9925848513145378
1465,x6784a,female,25,Belgian,Chess,62,False,False,False,False,1,False,bachelor,B,False,0.019667991977024592
153,x3389d,other,24,Dutch,Chess,70,False,True,False,False,1,True,master,A,True,0.4799549088561224
3936,x6307c,female,21,Dutch,Golf,72,False,True,False,False,1,True,bachelor,D,True,0.5794697829800749
1193,x2480d,female,23,Dutch,Swimming,69,True,True,False,False,1,True,master,B,False,0.06525373851604736
2916,x5593g,female,30,Dutch,Cricket,61,False,False,True,False,1,False,master,C,True,0.8777033266477122
151,x3147e,male,28,Dutch,Football,48,False,False,False,False,1,False,bachelor,A,False,0.08191611838685892
2155,x3018b,male,26,Dutch,Tennis,63,True,False,False,True,3,False,bachelor,C,False,0.1863064643551632
1710,x3346c,female,26,Belgian,Football,71,True,True,False,False,2,True,master,B,True,0.750439307803153
3546,x6611d,male,27,Dutch,Running,69,False,True,False,False,0,True,master,D,True,0.12142824690176858
2813,x3799c,female,28,Dutch,Tennis,70,False,True,False,False,1,True,master,C,False,0.04379758088038287
859,x2697b,male,22,German,Tennis,68,False,True,False,False,1,True,master,A,True,0.2831614837046274
2509,x7964c,male,25,Dutch,Rugby,63,True,False,False,False,2,False,master,C,True,0.8450700155707376
1658,x8413a,female,22,Dutch,Swimming,70,False,True,False,False,1,True,master,B,False,0.021275752044776775
1019,x9151a,female,23,Dutch,Swimming,67,False,True,True,False,0,True,phd,B,False,0.0004255300132113362
3639,x6767g,female,27,German,Football,64,True,False,True,True,3,False,phd,D,False,0.8884954571194751
167,x8457e,female,25,Dutch,Golf,61,False,False,False,False,1,True,bachelor,A,False,0.11614338670597878
3959,x6827b,male,26,Dutch,Football,58,True,False,False,True,3,False,phd,D,False,0.16858966219288227
388,x5197f,female,21,Dutch,Chess,70,False,True,False,False,0,True,master,A,False,0.023546453911307746
2762,x4913c,female,25,Dutch,Running,57,False,False,False,False,0,False,bachelor,C,False,0.0077062113612272574
1406,x5151d,female,26,Dutch,Rugby,51,False,False,False,False,2,False,master,B,True,0.5967344891050333
1767,x6289d,female,27,Dutch,Chess,66,False,True,False,False,1,True,bachelor,B,False,0.007266829983299699
552,x9657d,male,26,Dutch,Golf,60,False,False,False,False,0,False,bachelor,A,False,0.019018855763937106
8,x6541b,female,28,Dutch,Football,65,True,False,False,True,3,False,bachelor,A,False,0.7153464187544558
601,x3066b,male,29,Dutch,Football,50,False,False,False,False,2,False,bachelor,A,False,0.07493760957296904
1355,x9980d,female,24,Dutch,Running,64,False,False,False,False,1,True,master,B,False,0.010244025552895254
766,x9383b,female,24,Dutch,Cricket,63,False,True,False,False,2,False,bachelor,A,False,0.8230015992168345
780,x1100f,male,30,Dutch,Rugby,63,False,False,False,False,1,False,bachelor,A,True,0.7259247189978459
3255,x4100c,female,27,Dutch,Swimming,66,False,True,False,False,1,True,bachelor,D,True,0.45051794640793685
1959,x9414e,female,24,German,Running,67,True,True,False,False,2,True,bachelor,B,False,0.3935294972291576
2950,x2533d,female,22,German,Swimming,70,False,False,True,False,2,True,master,C,True,0.9873955615369063
3583,x7602e,female,26,Dutch,Tennis,66,False,True,False,False,1,True,master,D,True,0.5617464042432754
3851,x1876b,male,27,Dutch,Rugby,64,True,False,True,False,2,True,master,D,False,0.8447950051818954
2101,x1691e,male,22,Belgian,Football,65,True,False,False,True,1,True,bachelor,C,False,0.0060078703826963835
3541,x1481g,male,26,Dutch,Rugby,65,True,False,False,True,3,False,bachelor,D,True,0.017764871074175025
650,x6174c,female,25,Belgian,Swimming,62,False,False,False,False,2,False,master,A,True,0.9536245300476924
1419,x6896d,male,27,Dutch,Chess,66,False,True,False,False,0,True,bachelor,B,False,0.00019122466061363035
981,x1195e,female,22,German,Swimming,58,False,True,False,False,0,False,bachelor,A,False,0.019354079936147316
3455,x9944f,male,23,Dutch,Cricket,75,False,True,False,True,2,True,master,D,True,0.9832756603260573
646,x6608b,female,26,Dutch,Golf,58,False,False,False,False,1,True,bachelor,A,False,0.06511674824158759
1439,x8818d,male,24,Dutch,Rugby,51,True,False,False,True,2,False,bachelor,B,True,0.7223820577263349
1429,x7742b,male,26,Dutch,Rugby,66,False,False,True,False,1,False,phd,B,False,0.08673351823942213
857,x6407a,female,25,Dutch,Rugby,52,False,False,False,False,2,False,master,A,False,0.6017022220609648
3714,x6347c,male,24,Dutch,Football,54,False,False,True,False,2,False,bachelor,D,False,0.010825211094252926
723,x5789b,male,25,German,Swimming,66,True,False,True,True,3,False,master,A,True,0.9935308959502026
1983,x6458b,female,22,Dutch,Football,59,False,False,False,False,1,True,bachelor,B,False,0.008422511870628023
841,x5012c,male,23,Dutch,Cricket,59,False,False,False,False,1,False,bachelor,A,False,0.528825457794889
3364,x9999d,female,28,Dutch,Running,60,False,False,False,False,0,False,bachelor,D,False,0.014250054456520438
416,x6415a,male,25,Dutch,Football,57,False,False,False,True,2,False,bachelor,A,True,0.4578403584182466
3426,x9325a,male,25,Dutch,Rugby,64,True,False,True,True,2,False,master,D,False,0.6901904314973154
564,x9525c,male,24,Dutch,Rugby,60,True,False,False,True,3,False,bachelor,A,False,0.37170118700423344
790,x8545e,female,27,Dutch,Golf,67,True,False,False,False,2,True,bachelor,A,True,0.6634650874234909
1730,x4422b,male,22,Dutch,Tennis,70,False,True,False,True,2,True,master,B,True,0.69995161880233
1685,x8209d,male,26,Dutch,Swimming,50,True,False,False,True,3,False,master,B,True,0.9664303387908949
1359,x6448d,male,30,Dutch,Football,59,False,False,False,True,2,False,bachelor,B,False,0.5537196252499202
1044,x3529c,female,27,Belgian,Running,58,False,False,False,False,0,False,bachelor,B,False,0.00025447026025323364
1058,x6122c,male,25,Dutch,Tennis,71,False,True,False,False,1,True,master,B,False,0.04041849423066844
459,x3699d,female,31,Dutch,Rugby,69,False,True,True,False,0,True,master,A,False,0.04244900310124648
3556,x8731c,male,29,Dutch,Rugby,65,False,False,True,False,2,False,master,D,True,0.11532123401266126
614,x8417c,female,21,German,Football,73,False,True,False,False,2,True,master,A,True,0.9273752922338275
3872,x2123g,female,30,Dutch,Rugby,67,False,False,False,False,1,True,master,D,True,0.7803195771866962
2165,x4985g,male,24,Dutch,Football,58,True,False,False,True,2,False,bachelor,C,False,0.0692783823081648
2417,x7418g,female,22,Dutch,Chess,58,False,False,False,False,1,False,bachelor,C,False,0.12760798004315463
3010,x5157g,female,22,Dutch,Chess,72,False,True,False,False,2,True,master,D,True,0.9758618529630266
3989,x8032b,male,28,Dutch,Swimming,57,False,False,False,False,1,False,bachelor,D,False,0.01223443552264097
704,x4735f,female,24,Dutch,Swimming,67,False,True,True,False,1,True,phd,A,True,0.47186197810164116
1267,x7808e,male,21,Dutch,Football,65,False,False,False,False,1,True,bachelor,B,False,0.012459658092456503
3424,x4003f,male,24,Belgian,Running,65,False,False,False,False,1,True,bachelor,D,True,0.3168798777859418
1204,x9230c,male,30,Dutch,Football,57,False,False,False,False,1,False,master,B,False,0.03144364140338343
2389,x3011b,female,25,Dutch,Swimming,61,True,False,False,True,2,True,bachelor,C,False,0.027219104979707948
1339,x8207g,male,30,Dutch,Football,66,True,False,True,True,2,False,master,B,True,0.9122099065403311
2851,x2515b,male,26,Dutch,Cricket,62,False,True,False,False,2,True,bachelor,C,False,0.027953824923046662
1806,x7140g,male,23,Dutch,Golf,66,False,True,False,False,1,False,bachelor,B,False,0.013718194418906903
1006,x1939b,male,29,Dutch,Rugby,61,False,False,False,False,2,False,bachelor,B,True,0.6183458515603084
3338,x3124f,male,26,Dutch,Tennis,62,True,False,False,False,2,False,bachelor,D,False,0.019626572038411824
2999,x7406c,male,28,Belgian,Rugby,49,True,False,False,False,2,False,bachelor,C,False,0.007683497725781512
3384,x5886c,male,28,Dutch,Rugby,55,False,False,True,False,1,False,master,D,False,0.01118334333977163
1360,x5608d,female,22,Dutch,Running,63,False,True,False,False,0,True,bachelor,B,False,9.919036625793424e-05
799,x1104f,male,24,German,Tennis,65,False,False,False,True,2,True,bachelor,A,True,0.21404971691350666
965,x7647d,male,26,Dutch,Tennis,59,False,False,False,False,2,False,bachelor,A,False,0.6077897679184161
1583,x4801d,female,27,Dutch,Football,62,True,False,False,False,2,False,master,B,True,0.8556322179645117
2625,x9917f,male,26,Dutch,Football,55,False,False,False,True,2,False,bachelor,C,False,0.04853693163543832
2853,x5122b,female,26,Dutch,Golf,71,False,True,False,False,2,True,master,C,False,0.3726007311878717
65,x6651a,male,26,Dutch,Football,57,False,False,False,False,1,False,bachelor,A,False,0.3746588760878397
3123,x3522g,female,21,Dutch,Tennis,67,False,False,False,False,1,True,master,D,True,0.8846820112391817
2339,x5807c,female,25,Dutch,Running,62,False,False,True,False,0,False,master,C,False,0.09242286705535543
3082,x3431a,male,24,Dutch,Tennis,71,True,True,False,False,2,True,master,D,True,0.9280229982816044
2827,x9404a,male,24,Dutch,Running,68,False,True,False,False,2,True,master,C,False,0.23848845571909164
3598,x2702b,other,28,Belgian,Swimming,64,False,False,False,False,0,True,master,D,False,0.2268829226039884
3795,x6302c,male,24,Dutch,Football,66,False,True,False,False,1,True,bachelor,D,False,0.29281866728379274
2005,x7483e,male,28,Dutch,Rugby,56,False,False,False,False,2,False,master,C,True,0.43739730686859724
2026,x4495d,male,23,Dutch,Swimming,66,False,False,False,False,1,True,master,C,False,0.2795703976383399
249,x4525b,female,32,Dutch,Cricket,56,False,False,False,False,1,False,bachelor,A,False,0.4794106417561531
1969,x2373c,female,21,Dutch,Football,69,False,False,False,True,2,True,bachelor,B,True,0.49282026967125214
3951,x1011c,male,30,Dutch,Football,61,True,False,False,False,2,False,bachelor,D,False,0.012556452717006993
3215,x7671a,male,30,Belgian,Football,66,False,False,True,False,1,False,master,D,True,0.15195726893368464
138,x3750e,female,21,Dutch,Tennis,65,False,False,False,False,1,True,bachelor,A,False,0.13726322345510567
2061,x2523g,male,31,Dutch,Rugby,58,False,False,False,False,0,False,bachelor,C,False,0.04934827208213452
781,x9829d,female,22,Dutch,Tennis,71,False,True,False,False,1,True,master,A,False,0.4270095428131542
1808,x2628c,female,25,German,Football,64,False,True,False,False,1,True,bachelor,B,True,0.008107628314042232
534,x9776f,female,26,Dutch,Cricket,65,False,False,False,False,1,True,master,A,True,0.5438891450296086
3921,x5053e,female,25,Dutch,Chess,59,False,False,False,False,0,False,bachelor,D,False,0.019350238685927085
3866,x4955g,female,26,Dutch,Swimming,63,False,False,False,False,1,False,master,D,False,0.12265859593852553
3838,x7674f,male,25,Dutch,Tennis,51,False,False,False,False,2,False,bachelor,D,False,0.0008179201903591397
116,x2194f,male,24,Dutch,Football,59,True,False,False,True,3,False,bachelor,A,True,0.27857187054724214
1952,x6433b,female,28,Belgian,Football,70,False,True,False,False,1,True,bachelor,B,False,0.011995667928774349
1090,x2550f,male,25,Dutch,Rugby,53,True,False,True,True,2,False,master,B,True,0.8863579747568482
1166,x3581d,female,24,Dutch,Cricket,62,False,True,False,True,2,True,bachelor,B,False,0.2162776551186253
3747,x6408a,female,22,Dutch,Tennis,66,False,False,False,False,1,True,bachelor,D,True,0.4934122206499287
1181,x7176a,female,30,Dutch,Swimming,55,True,False,False,False,2,False,master,B,True,0.7910942005117588
1139,x3315g,female,24,Dutch,Chess,70,False,True,False,False,0,True,phd,B,False,0.00046084865800202817
2403,x6396b,male,25,Dutch,Tennis,65,False,False,False,False,1,False,bachelor,C,False,0.1072054886452858
553,x8434g,female,32,Dutch,Golf,61,False,False,False,False,1,False,master,A,True,0.5833014451455574
219,x9562b,male,24,German,Swimming,67,False,True,False,False,1,True,bachelor,A,False,0.16977053307412665
2030,x7547b,male,27,Belgian,Golf,54,False,False,False,False,1,False,bachelor,C,False,0.022053139080992795
2376,x4990a,male,22,Dutch,Tennis,62,True,False,False,True,2,False,bachelor,C,False,0.07771704139546576
1905,x8964e,male,24,Dutch,Swimming,52,True,False,False,True,2,False,bachelor,B,True,0.5585415300222265
2539,x6883g,female,21,Dutch,Swimming,70,False,True,False,False,1,True,bachelor,C,False,0.028464447155264666
294,x4246e,male,30,Dutch,Rugby,51,True,False,False,True,2,False,master,A,False,0.5055696126881183
3044,x9806c,female,26,Dutch,Swimming,67,False,False,False,False,1,True,master,D,True,0.793228625160464
3324,x4230e,male,27,Dutch,Rugby,62,True,False,False,False,2,False,bachelor,D,False,0.019109906331239237
1324,x9879c,female,27,Dutch,Football,61,False,False,False,False,1,False,bachelor,B,False,0.02337075607986032
2541,x6014a,female,27,Belgian,Chess,69,False,True,False,False,0,True,master,C,False,0.035157005952298016
2443,x3019g,female,25,Dutch,Football,77,True,True,False,False,2,True,master,C,False,0.6361641314853125
93,x9834a,male,25,Dutch,Running,63,False,False,False,False,1,True,master,A,False,0.34697591640941666
2246,x8996a,male,29,Dutch,Swimming,63,False,False,False,False,1,False,bachelor,C,True,0.242812192717964
107,x5663f,male,28,Dutch,Tennis,58,True,False,False,False,2,False,bachelor,A,False,0.47223062339371974
519,x6361g,female,28,Dutch,Chess,66,False,False,False,False,1,True,master,A,False,0.5060350781815133
385,x9854e,male,27,Dutch,Football,66,False,False,False,True,2,False,bachelor,A,True,0.8732000758511845
1067,x5142a,male,27,Dutch,Football,59,True,False,False,True,3,False,bachelor,B,True,0.9387074431438772
2415,x8637e,female,25,Dutch,Running,60,False,False,False,False,0,True,bachelor,C,False,0.0014721466899409656
68,x6161a,female,24,Dutch,Swimming,57,False,False,False,False,1,True,bachelor,A,False,0.10664634618508834
2591,x7294e,female,26,Dutch,Chess,60,False,False,True,False,0,True,master,C,True,0.05408963362544948
1834,x1449c,male,27,Dutch,Cricket,74,False,True,False,False,2,True,master,B,False,0.5104351487909451
3042,x4190f,male,27,Belgian,Swimming,58,True,False,True,True,3,False,master,D,False,0.07503987128229811
353,x1296a,female,30,German,Golf,56,False,False,True,False,0,False,master,A,False,0.022402236092477403
2478,x4167b,female,26,Dutch,Swimming,55,False,False,False,False,2,False,bachelor,C,False,0.04522622196144267
3045,x5281a,male,27,Belgian,Football,61,False,False,False,False,2,False,master,D,False,0.12555177069124887
3595,x6304g,other,28,Belgian,Chess,58,False,False,False,False,1,False,bachelor,D,False,0.0351361931151383
2064,x7898a,male,26,Dutch,Rugby,52,False,False,False,True,2,False,master,C,True,0.20726470899895671
1828,x4758d,male,28,Belgian,Rugby,59,False,False,False,False,2,False,master,B,True,0.7149267746172759
2470,x9391a,female,26,Dutch,Swimming,63,False,False,False,False,1,True,bachelor,C,False,0.03125986420087423
314,x2409b,male,25,Dutch,Tennis,61,False,False,False,False,1,True,bachelor,A,False,0.06389001180859866
1790,x4714d,male,29,Dutch,Rugby,52,True,False,False,True,2,False,bachelor,B,True,0.7627649471667075
1219,x4461a,female,26,Dutch,Swimming,56,True,False,True,True,2,False,master,B,True,0.8448995374616284
2565,x6116f,female,23,German,Tennis,68,False,True,False,False,1,True,bachelor,C,False,0.004684182406019067
16,x9859f,male,28,Dutch,Cricket,63,False,True,True,False,1,False,phd,A,False,0.6199533110198685
3899,x4407c,male,28,Belgian,Rugby,55,True,False,False,True,2,False,phd,D,False,0.2230628292974535
2183,x7996c,female,31,Dutch,Cricket,61,False,False,False,False,1,False,master,C,True,0.5671576079665753
3729,x3456b,female,26,Dutch,Tennis,54,True,False,False,True,3,False,bachelor,D,False,0.0005991917144518471
721,x9563d,female,26,Dutch,Swimming,50,True,False,False,True,3,False,bachelor,A,False,0.01897258486293772
1849,x7960f,female,25,Belgian,Chess,73,False,True,False,False,1,True,master,B,False,0.020099831902165154
25,x3887a,male,24,Dutch,Football,68,False,True,False,False,2,True,master,A,False,0.8159434841746421
1789,x9610c,male,28,Dutch,Rugby,58,False,False,False,False,0,False,bachelor,B,False,0.0009067307015818519
3644,x4204b,male,27,Dutch,Rugby,50,True,False,False,True,3,False,bachelor,D,False,0.0001673535748343749
1249,x9816a,female,22,Dutch,Running,70,False,True,False,True,2,True,bachelor,B,False,0.26273380443385175
2284,x5458d,other,25,Dutch,Chess,70,False,True,True,False,0,True,master,C,False,0.07108093920436863
3163,x1949b,male,26,Dutch,Football,68,False,False,False,False,1,True,master,D,True,0.9141180462891949
1469,x1523f,female,28,German,Football,64,False,False,False,False,1,True,bachelor,B,False,0.011673798793567305
1640,x6788g,male,27,Dutch,Football,49,False,False,False,False,1,False,bachelor,B,False,0.010729646680934
3120,x2408d,female,22,Dutch,Swimming,65,False,True,False,False,0,True,master,D,False,0.1782579212721262
2981,x5223f,male,27,Dutch,Cricket,61,True,False,False,False,2,False,bachelor,C,False,0.2956937276521259
159,x5585b,male,23,Dutch,Swimming,61,False,False,False,False,1,False,bachelor,A,True,0.5708690067911699
3453,x9557b,female,24,Dutch,Football,66,False,True,False,False,1,True,master,D,True,0.725231844776914
2948,x4644a,male,22,Dutch,Tennis,60,False,True,False,False,1,True,bachelor,C,False,0.0008652813781390665
1649,x7482b,female,25,Dutch,Tennis,62,True,False,False,False,2,False,bachelor,B,True,0.8605521196494273
3653,x6536f,male,22,Dutch,Tennis,69,False,True,False,False,1,True,master,D,True,0.7074483364771756
423,x3822c,female,27,Dutch,Rugby,61,False,False,True,False,2,False,bachelor,A,True,0.6837716283850656
3469,x2444e,male,27,Belgian,Football,57,False,False,False,False,1,False,bachelor,D,False,0.014676562426537046
970,x4489f,other,29,German,Swimming,60,True,False,False,True,2,False,bachelor,A,False,0.5856387192604752
2836,x7838f,female,22,Dutch,Running,64,False,True,False,False,0,True,master,C,False,0.00450256985526562
2668,x9811c,female,27,Dutch,Golf,58,False,False,False,False,1,False,bachelor,C,False,0.04994299871316143
2500,x1729b,female,21,Dutch,Running,62,False,False,False,False,2,False,bachelor,C,False,0.27045006776583264
510,x7641d,female,27,Dutch,Football,63,False,False,False,False,1,True,master,A,False,0.5171256502247319
3808,x8447e,male,29,Dutch,Cricket,71,False,True,True,False,2,True,master,D,True,0.974449844132529
3907,x2023b,female,24,Belgian,Swimming,70,False,True,False,False,1,True,master,D,True,0.9202872721889674
288,x2376b,male,27,Dutch,Golf,75,True,True,False,False,2,True,master,A,True,0.93377028387211
1472,x1183a,male,26,Dutch,Rugby,57,True,False,False,True,3,False,master,B,True,0.995199121754095
504,x8616c,female,23,Dutch,Running,64,False,True,False,False,1,True,bachelor,A,True,0.04845143214164185
749,x2237b,male,32,Dutch,Cricket,58,False,False,False,False,2,False,master,A,True,0.9263951699437504
852,x1046g,other,28,Dutch,Tennis,74,False,True,False,True,2,True,bachelor,A,False,0.27407090972424264
1432,x6711c,male,31,Dutch,Golf,60,False,False,True,False,2,False,phd,B,False,0.4551881049526813
1282,x2066f,male,25,Dutch,Running,59,True,False,False,True,2,False,bachelor,B,False,0.6786245104858059
1171,x9573d,male,21,Belgian,Running,68,False,True,False,False,1,True,bachelor,B,False,0.005251799880256462
1158,x2502a,male,29,Dutch,Golf,64,False,False,True,False,1,True,master,B,False,0.010858600195843013
2877,x7635f,female,23,Dutch,Tennis,58,True,False,False,False,2,False,bachelor,C,False,0.10321169229700985
2556,x1100b,male,28,Dutch,Golf,67,False,False,False,False,1,True,master,C,True,0.18461781813278022
1557,x4522d,female,29,Dutch,Swimming,59,False,False,True,False,1,False,master,B,False,0.03167996681121023
2870,x9994e,male,29,German,Tennis,64,True,False,True,False,1,False,master,C,True,0.8838911890638561
1065,x7863g,female,27,Dutch,Tennis,60,False,False,True,False,1,False,bachelor,B,False,0.03464989331363889
2291,x9434g,female,22,Dutch,Tennis,62,True,True,False,True,2,False,bachelor,C,False,0.017099319797563028
1499,x2078a,male,27,Dutch,Rugby,56,False,False,True,False,1,False,phd,B,False,0.0468137437713709
1529,x3171d,male,22,Dutch,Football,67,False,True,False,False,1,True,bachelor,B,False,0.009863757593084645
3709,x1490d,female,26,Dutch,Tennis,64,False,False,False,False,1,False,bachelor,D,False,0.13240817045553535
3385,x2827e,male,30,German,Cricket,70,False,True,True,False,0,True,master,D,False,0.2019135398859811
2811,x2702c,male,25,Dutch,Football,61,False,False,False,False,2,False,bachelor,C,False,0.27046315161802137
1614,x3762c,female,27,Belgian,Running,56,False,False,False,False,1,False,bachelor,B,False,0.008465684040992932
3946,x7979f,female,21,Dutch,Swimming,68,False,True,False,False,0,True,bachelor,D,False,0.13020454941543416
1291,x7366g,male,29,German,Cricket,65,False,False,False,False,0,True,phd,B,False,0.0005953610584919437
302,x7424b,female,21,Dutch,Chess,62,False,False,False,False,1,False,bachelor,A,True,0.5238446451141312
2717,x7777d,male,23,Belgian,Cricket,59,False,False,False,False,1,True,bachelor,C,False,0.013366428658191846
1913,x6008g,male,25,Dutch,Football,60,True,False,False,True,2,False,bachelor,B,True,0.7764003450246091
1327,x3949a,female,23,Dutch,Running,68,False,True,False,False,1,True,master,B,False,0.009238186033294828
263,x7819g,male,30,Dutch,Rugby,54,True,False,False,True,3,False,master,A,False,0.4474412815841942
726,x9442b,male,22,Belgian,Swimming,68,False,True,False,False,2,True,master,A,True,0.8977304251551281
2276,x1199d,male,24,Dutch,Cricket,70,False,False,False,False,1,True,master,C,False,0.46959675943252915
2885,x3089d,female,28,Dutch,Chess,60,False,False,False,False,1,False,bachelor,C,False,0.18256044824891474
947,x3956f,female,26,Dutch,Football,58,False,False,True,False,0,False,master,A,False,0.04149224953190504
1847,x3598e,female,28,Dutch,Chess,64,False,True,False,False,2,True,bachelor,B,False,0.19713427042774112
2839,x6188b,male,27,Dutch,Football,51,False,False,False,False,1,False,bachelor,C,False,0.012622635904501104
366,x4681f,male,29,Dutch,Football,54,True,False,False,True,2,False,master,A,False,0.6993803199997123
2897,x9169f,female,25,Dutch,Running,60,False,False,False,False,1,True,bachelor,C,False,0.007971051754493714
2832,x9060g,male,24,Dutch,Football,55,True,False,False,True,2,False,bachelor,C,False,0.03795726874556103
3716,x5076e,male,29,German,Rugby,69,False,True,True,False,0,True,phd,D,True,0.3104181812710112
2855,x4575d,male,21,Dutch,Cricket,73,False,True,False,False,2,True,master,C,False,0.6527025796435106
2251,x7318b,female,27,German,Swimming,60,False,False,False,False,0,False,bachelor,C,False,0.03024483739981594
2990,x2383d,female,31,German,Rugby,54,False,False,True,False,0,False,master,C,False,0.1764412507298898
3944,x6466g,male,26,Dutch,Swimming,64,True,True,False,True,3,True,bachelor,D,False,0.040993264073684275
656,x3616b,male,28,Belgian,Cricket,63,False,False,False,False,1,False,bachelor,A,False,0.5936821412532497
1283,x5742g,female,25,Dutch,Chess,60,False,False,False,False,0,False,bachelor,B,False,0.0004592224126609002
2358,x4144d,female,28,Dutch,Football,58,False,False,True,False,0,False,bachelor,C,False,0.08195434915538713
1750,x9123b,female,24,Dutch,Chess,65,False,True,False,False,0,True,bachelor,B,False,0.00017902340556433946
359,x8304f,male,25,Dutch,Football,67,False,False,False,False,1,True,bachelor,A,False,0.3334287330698899
1668,x5742d,female,21,Dutch,Swimming,67,False,True,False,False,1,True,master,B,False,0.017523806740363992
2729,x5357f,female,32,Dutch,Swimming,64,False,False,False,False,1,False,master,C,True,0.7163777652585558
3771,x1097e,female,21,Dutch,Tennis,75,False,True,False,False,2,True,master,D,True,0.9791266740648343
10,x9775f,female,27,Dutch,Football,61,False,False,False,False,1,True,bachelor,A,False,0.1232227797317196
3181,x8104e,female,22,Dutch,Cricket,69,False,True,False,False,1,True,master,D,True,0.9061034050561341
403,x9703f,female,28,Dutch,Swimming,70,False,True,False,False,2,True,bachelor,A,False,0.6776822529947526
3798,x8042e,male,26,Belgian,Football,61,False,False,False,False,1,False,bachelor,D,False,0.04935893869801806
1308,x2055a,male,26,Dutch,Rugby,62,False,False,False,False,2,False,master,B,True,0.7534815890555289
2286,x9986c,female,30,Dutch,Football,65,False,False,True,False,1,False,master,C,True,0.9054280038623569
3834,x8473c,female,25,Dutch,Running,73,False,True,False,False,2,True,master,D,True,0.9509306338375811
349,x4923e,male,29,Dutch,Rugby,50,True,False,False,False,2,False,bachelor,A,False,0.06686980678152496
3997,x1202g,male,24,Belgian,Rugby,60,True,False,False,True,2,False,bachelor,D,False,0.012084611314175243
786,x4238c,female,22,Dutch,Football,70,False,True,False,False,2,True,bachelor,A,False,0.5149918284654734
1711,x4240e,female,30,Dutch,Football,65,False,True,True,False,1,False,bachelor,B,False,0.018436517879234168
3305,x7752d,female,26,Dutch,Football,68,False,False,False,False,1,True,master,D,False,0.9141180462891949
2731,x6516c,male,32,German,Football,62,False,False,False,False,0,False,bachelor,C,False,0.023483510527688965
3014,x9423f,other,23,Dutch,Chess,67,False,True,False,False,1,True,master,D,True,0.8800107065531304
427,x7089g,male,22,Dutch,Football,71,False,True,False,False,1,True,master,A,True,0.5567402957720944
2225,x5832f,female,27,Dutch,Swimming,67,False,True,False,False,0,True,master,C,False,0.017839847461409958
908,x3383c,female,23,Dutch,Chess,74,False,True,False,False,1,True,master,A,True,0.5457603691919811
469,x5446f,male,28,Dutch,Football,59,False,False,True,False,2,False,bachelor,A,True,0.7972229059640146
3891,x6677e,female,27,German,Cricket,56,False,False,False,False,0,False,master,D,False,0.03282700716759007
1444,x7974e,female,25,Dutch,Chess,60,True,False,False,False,1,True,bachelor,B,False,0.023845359359802587
1367,x5078b,male,29,Dutch,Cricket,66,False,True,True,False,0,True,master,B,False,0.0003657866930725683
1346,x8686a,male,27,Dutch,Football,54,False,False,False,False,2,False,bachelor,B,True,0.3659791799011855
3249,x5035a,female,25,Dutch,Chess,63,False,False,True,False,1,True,master,D,False,0.49095862668506485
480,x6759c,female,24,Dutch,Swimming,67,False,True,False,False,0,True,bachelor,A,False,0.01426350641876813
1626,x4990c,other,31,Dutch,Golf,59,False,False,True,False,1,False,master,B,False,0.01911981993287628
3567,x6114b,female,23,Dutch,Swimming,59,False,False,False,False,1,False,bachelor,D,False,0.022602329916394038
3663,x2134a,male,28,Dutch,Football,67,False,True,False,False,1,True,bachelor,D,True,0.3384647320871713
798,x9303d,female,26,German,Running,66,False,True,False,False,1,True,bachelor,A,True,0.07213489395703583
97,x6477e,female,28,Dutch,Chess,71,False,True,False,False,2,True,master,A,False,0.9560612820940478
2377,x9347d,male,27,Dutch,Running,67,False,True,False,False,1,True,master,C,False,0.04443823538396648
259,x2739c,female,27,Dutch,Running,69,False,True,True,False,1,True,master,A,False,0.3224225023980058
2698,x8574f,male,32,Dutch,Golf,67,False,True,False,False,2,True,master,C,False,0.2030343446262744
3402,x1137e,female,28,Dutch,Football,68,False,False,False,False,1,True,master,D,True,0.9141180462891949
2774,x7999f,female,25,Dutch,Swimming,63,False,False,False,False,2,False,bachelor,C,False,0.36530858218888634
2250,x9646g,male,28,Dutch,Rugby,68,False,False,True,False,2,False,master,C,True,0.9918183049625292
2370,x4555e,male,24,German,Swimming,60,False,False,False,True,2,False,bachelor,C,False,0.20916230122442614
2540,x5628f,male,25,Dutch,Rugby,64,True,False,True,True,3,False,master,C,False,0.9424490408089343
2071,x4235f,female,29,Dutch,Golf,56,False,False,False,False,0,False,master,C,True,0.03871115028859232
2656,x2686e,male,29,Belgian,Rugby,62,False,False,True,False,0,False,master,C,False,0.2663755742636445
105,x7636c,female,22,German,Golf,63,True,False,False,True,2,True,bachelor,A,False,0.20987369079913584
772,x4138f,male,27,Belgian,Running,63,False,True,False,False,0,True,bachelor,A,False,0.005410327011850685
1356,x5893a,male,24,Dutch,Swimming,70,False,True,True,False,2,True,master,B,True,0.42024195771509454
205,x5687d,male,24,Dutch,Swimming,66,True,True,False,True,2,True,bachelor,A,False,0.1797204562517984
1915,x8285d,male,30,Dutch,Rugby,57,True,False,False,True,3,False,master,B,True,0.995199121754095
532,x5100b,male,28,Dutch,Rugby,58,True,False,False,True,3,False,bachelor,A,True,0.24062138232123195
591,x8629f,female,21,German,Swimming,63,False,False,False,False,1,False,master,A,True,0.7283123554469986
3634,x6711d,female,22,Dutch,Running,71,False,True,False,False,1,True,master,D,True,0.8578618704863807
323,x9986f,female,27,German,Tennis,66,False,False,True,True,2,False,master,A,True,0.9967369786039686
432,x8580d,female,27,Dutch,Golf,64,False,False,True,False,1,False,phd,A,True,0.6091331218078082
957,x9910f,female,29,Dutch,Golf,61,False,False,False,False,1,False,master,A,True,0.5833014451455574
595,x1679a,male,22,Dutch,Football,74,True,True,False,False,2,True,master,A,True,0.9242624054928792
5,x9063d,female,26,Dutch,Chess,63,False,False,False,False,1,True,bachelor,A,True,0.32246151630493414
3359,x8632d,female,30,Dutch,Rugby,63,False,True,False,False,0,True,phd,D,False,0.2580734860231395
2710,x5343c,female,30,Dutch,Golf,56,False,False,True,False,0,False,master,C,True,0.07703289281772624
3994,x1831e,male,27,Dutch,Football,69,False,True,False,False,1,True,master,D,False,0.8327626022263375
3637,x7047b,female,26,Dutch,Football,65,False,False,True,False,1,True,master,D,True,0.6813558419457387
3641,x9544e,female,26,Dutch,Chess,69,False,False,False,False,1,True,master,D,True,0.8877932256575567
3094,x8354e,male,27,Dutch,Football,55,False,False,True,False,1,False,master,D,False,0.027891194739710346
213,x3550a,male,24,Dutch,Football,65,True,False,False,True,3,False,bachelor,A,True,0.7153464187544558
3962,x4819d,female,28,Dutch,Chess,68,False,True,False,False,0,True,master,D,False,0.16991181039996472
3787,x7541e,female,22,Dutch,Football,61,True,False,False,False,2,False,bachelor,D,False,0.012556452717006993
3349,x2411e,female,28,Dutch,Chess,66,True,True,False,False,1,True,bachelor,D,True,0.45450066919188103
2582,x9796g,male,25,Dutch,Football,54,True,False,False,True,2,False,bachelor,C,False,0.030942658209143704
290,x9271d,male,26,Dutch,Running,64,False,False,False,False,2,True,bachelor,A,True,0.5734124349159604
2153,x7030e,female,29,Dutch,Swimming,50,True,False,False,False,2,False,bachelor,C,False,0.007785156196237322
247,x9175d,male,26,Dutch,Rugby,63,True,False,False,True,3,False,bachelor,A,True,0.6014714023742015
2501,x9629d,female,27,Dutch,Swimming,63,True,False,False,True,2,False,master,C,False,0.7301879344325904
1027,x1271e,female,24,Dutch,Chess,58,False,False,False,False,0,False,bachelor,B,False,0.000402502841848028
31,x7785e,female,31,Belgian,Golf,61,False,False,False,False,1,False,bachelor,A,True,0.44214797197817546
2187,x1179d,male,29,Dutch,Rugby,56,False,False,True,False,0,False,bachelor,C,True,0.12158047954532798
3465,x4358b,male,27,Dutch,Swimming,63,False,False,False,True,2,False,bachelor,D,False,0.028497715868824994
2529,x1605a,male,28,German,Golf,69,False,False,False,False,2,True,master,C,False,0.6532681114913075
3321,x4968c,male,29,Dutch,Football,58,True,False,False,False,2,False,master,D,False,0.042515203799869596
317,x7940a,male,31,Dutch,Cricket,67,False,False,True,False,0,True,phd,A,False,0.031452017923371135
676,x9301g,female,23,Dutch,Swimming,71,False,True,False,False,1,True,master,A,False,0.5601109731920544
1654,x4696e,female,24,Dutch,Running,75,False,True,False,False,2,True,master,B,True,0.36151660646633216
2994,x3952f,male,21,Dutch,Tennis,61,True,False,False,False,2,False,bachelor,C,True,0.1783938869282884
2069,x8394b,female,24,Dutch,Golf,71,False,True,False,False,1,True,master,C,False,0.09826079347473082
2695,x1233d,female,28,Dutch,Swimming,61,False,False,True,False,1,False,bachelor,C,True,0.7694355257187528
1135,x4370g,male,30,Belgian,Football,62,False,False,False,False,2,False,bachelor,B,True,0.49451312210721865
29,x2883f,male,26,Dutch,Football,65,False,False,False,False,1,True,bachelor,A,False,0.2467729037540315
3844,x5816d,female,26,Dutch,Swimming,59,False,False,False,False,0,False,bachelor,D,False,0.013172690875631828
2412,x8381b,male,28,Dutch,Football,58,True,False,False,False,2,False,bachelor,C,False,0.10285962000512848
934,x3369d,female,21,Dutch,Chess,64,False,True,False,False,2,True,bachelor,A,False,0.4369862195083063
1917,x1845e,male,29,Dutch,Swimming,68,True,True,False,True,3,False,bachelor,B,True,0.9767657775763297
526,x4201d,male,22,Dutch,Football,64,False,False,False,False,1,True,bachelor,A,False,0.20957510739140306
2798,x8112g,male,25,Dutch,Football,59,True,False,True,True,2,False,master,C,True,0.9030594257153595
1664,x8401c,male,25,Dutch,Tennis,57,False,False,False,True,2,False,master,B,True,0.7793373453785202
1457,x3178e,male,25,Dutch,Rugby,59,False,False,False,False,1,False,bachelor,B,False,0.035774676641242426
1243,x9572d,female,23,Belgian,Running,63,False,False,False,False,1,True,bachelor,B,False,0.005456379090681277
3704,x8185a,male,27,German,Swimming,63,False,False,True,False,1,False,master,D,False,0.04423993610845188
1129,x9233b,male,28,Dutch,Cricket,67,False,True,False,True,2,True,bachelor,B,True,0.36513098751070266
3661,x6323a,female,25,Dutch,Chess,58,False,False,False,False,0,False,bachelor,D,False,0.016430641732654426
716,x9349e,female,22,Dutch,Chess,60,False,True,False,False,0,True,bachelor,A,False,0.007011354527240191
2387,x9211c,female,25,German,Swimming,63,False,False,False,False,1,True,bachelor,C,False,0.03125986420087423
1636,x7138d,female,30,Dutch,Rugby,56,False,False,False,False,0,False,master,B,False,0.0014028340074875127
2075,x6435g,male,29,Dutch,Football,63,True,False,False,True,3,False,bachelor,C,False,0.16577783996554754
774,x6729d,female,23,Dutch,Cricket,58,False,True,False,False,1,True,bachelor,A,False,0.028941887489466214
2346,x4246f,female,26,Dutch,Cricket,69,True,True,False,False,2,True,bachelor,C,False,0.08910274537111307
1011,x9413d,female,26,Dutch,Football,66,True,True,False,False,2,False,bachelor,B,False,0.7514426928836947
2995,x3053f,female,22,Dutch,Swimming,76,False,True,False,False,1,True,phd,C,False,0.8574164672782884
930,x6601e,male,28,German,Football,57,False,False,False,False,0,False,bachelor,A,False,0.02566120122876154
2200,x3439b,male,28,Dutch,Tennis,73,False,True,False,False,2,True,bachelor,C,False,0.06879853119243805
1766,x7029a,male,27,Dutch,Golf,67,False,False,True,False,1,False,master,B,False,0.031979200489205196
593,x8677c,male,25,German,Tennis,56,False,True,False,False,1,False,bachelor,A,False,0.04635888930029716
308,x3848c,female,22,Dutch,Running,57,False,False,False,False,0,False,bachelor,A,False,0.0128984348829284
3113,x8674d,male,26,Dutch,Football,61,False,False,False,False,2,False,bachelor,D,False,0.015862047537184346
2571,x2609b,other,22,Dutch,Tennis,75,False,True,False,True,2,True,master,C,False,0.18423470818575247
1666,x5752e,female,29,Dutch,Cricket,60,False,False,True,False,1,False,master,B,False,0.0325460443440625
2206,x1670g,female,22,German,Tennis,72,True,True,False,False,2,True,master,C,False,0.22767116155401249
2537,x5254g,male,30,Dutch,Rugby,53,False,False,False,False,1,False,bachelor,C,False,0.08943351672458794
1994,x5577e,male,27,Dutch,Football,64,False,False,False,False,2,False,master,B,True,0.6634554169677856
3601,x9181f,male,28,Dutch,Cricket,57,False,False,False,False,1,False,master,D,False,0.08037141407232748
2079,x2471a,male,26,Dutch,Tennis,74,True,True,False,True,2,True,master,C,False,0.12385410846735427
995,x2659d,male,30,Dutch,Tennis,54,True,False,False,True,2,False,bachelor,A,False,0.1695583138557587
2154,x2620d,male,22,Dutch,Football,72,False,True,False,False,2,True,bachelor,C,False,0.10962546555364741
688,x1400a,male,26,Dutch,Cricket,66,False,False,True,False,0,True,master,A,False,0.028178817347160042
2923,x9321d,male,23,Dutch,Football,77,False,True,False,True,2,True,master,C,False,0.41522057312791844
1063,x3086b,female,28,Dutch,Football,66,False,True,False,False,1,True,bachelor,B,False,0.009240095747246182
291,x5968g,female,23,Dutch,Swimming,65,False,False,True,False,1,True,master,A,True,0.5190560586415672
3210,x3009b,female,25,Dutch,Tennis,64,False,True,False,False,1,True,bachelor,D,False,0.11637398686337483
2709,x9334b,female,24,Dutch,Swimming,54,True,False,False,True,3,False,master,C,True,0.08144020038171375
1259,x8674c,female,21,German,Tennis,56,False,False,False,False,1,False,bachelor,B,False,0.03067512412197143
1238,x4811g,female,22,Dutch,Swimming,60,False,False,False,False,1,False,bachelor,B,False,0.02220686171896112
1941,x2392c,female,29,Belgian,Football,60,False,True,False,False,0,True,master,B,False,0.0002896562169674757
3462,x5689b,female,21,Belgian,Running,61,False,True,False,False,1,False,bachelor,D,False,0.04511187704394745
672,x3610b,female,21,Dutch,Football,59,False,False,False,False,2,False,bachelor,A,False,0.5735550663807703
2703,x9893b,female,23,Dutch,Swimming,74,False,True,True,False,1,True,phd,C,True,0.837741336987174
2939,x6968b,female,28,Dutch,Swimming,70,False,True,False,False,1,True,master,C,True,0.1573704652661794
621,x4471f,male,21,Belgian,Swimming,61,False,False,False,False,0,True,bachelor,A,False,0.013881641347849553
1487,x7845g,female,22,Dutch,Chess,75,False,True,False,False,1,True,master,B,False,0.02286874165126786
1273,x2301c,male,26,German,Rugby,66,False,True,True,False,0,True,master,B,False,0.0006628762434099166
4,x6241a,female,26,German,Golf,59,False,False,False,False,1,False,master,A,True,0.5509356459566483
858,x4270f,male,25,German,Rugby,58,True,False,False,True,3,False,master,A,True,0.7384032813111945
2000,x2351g,male,32,Dutch,Rugby,58,False,False,True,False,1,False,master,C,False,0.9131771574644026
1311,x1609f,female,25,Dutch,Swimming,69,False,True,False,False,1,True,bachelor,B,False,0.011391660165336855
585,x5599b,male,26,Dutch,Cricket,55,False,False,True,False,1,False,bachelor,A,False,0.4010775107285727
3939,x2645a,female,28,Dutch,Chess,64,False,False,False,False,0,True,master,D,False,0.18514248370689182
1248,x3240d,male,26,Dutch,Football,62,False,False,False,False,2,False,bachelor,B,False,0.49451312210721865
2951,x9573b,male,25,Dutch,Cricket,71,True,True,False,False,2,True,master,C,False,0.48771190015434795
1693,x7022a,male,32,Dutch,Rugby,69,True,False,False,False,1,True,master,B,False,0.14968271389754823
411,x1746e,female,28,Dutch,Running,59,False,False,False,False,1,True,bachelor,A,False,0.0788708999177788
629,x4400e,male,29,Dutch,Football,55,True,False,False,True,2,False,bachelor,A,True,0.26299919387729304
3209,x3150g,male,24,Dutch,Tennis,60,True,False,False,True,3,False,bachelor,D,False,0.003886783694743247
2779,x3430g,other,22,Dutch,Football,63,False,False,False,False,1,False,bachelor,C,False,0.139376476092806
1696,x1955a,female,21,Dutch,Swimming,60,False,False,False,False,1,False,bachelor,B,False,0.02220686171896112
3590,x8122f,female,21,Dutch,Running,58,False,False,False,False,1,False,bachelor,D,False,0.014675603520428003
3666,x2479b,male,26,Dutch,Swimming,73,False,True,False,False,2,True,master,D,True,0.9565605012397185
3664,x8021e,other,25,Dutch,Chess,74,False,True,False,False,2,True,phd,D,True,0.9958574867818187
3077,x8268e,male,26,Dutch,Football,55,False,False,False,True,2,False,bachelor,D,False,0.002894778059831457
2593,x9452a,male,24,Dutch,Golf,62,False,True,False,False,1,False,bachelor,C,True,0.024675225216960146
892,x2097g,female,24,Dutch,Chess,59,False,False,False,False,1,False,bachelor,A,True,0.4744266167190996
3800,x2717e,other,22,Dutch,Swimming,68,False,True,False,False,0,True,master,D,False,0.20909962184574052
3263,x4371g,female,21,Dutch,Chess,58,False,False,False,False,0,False,bachelor,D,False,0.016430641732654426
792,x9961f,female,26,Dutch,Chess,64,False,False,False,False,0,True,bachelor,A,False,0.013108923187786708
3265,x1368g,female,24,Dutch,Football,62,False,False,False,False,2,False,bachelor,D,False,0.021548570579191056
3518,x4221d,female,24,Dutch,Rugby,64,False,False,False,True,2,False,master,D,False,0.3249854064830871
2442,x1495c,male,31,Dutch,Golf,60,False,True,True,False,1,False,master,C,True,0.6266276114671521
3319,x6541f,female,22,German,Chess,64,False,True,False,False,1,False,bachelor,D,False,0.25570238020564634
3451,x6002c,male,27,Dutch,Golf,64,False,False,False,False,1,True,master,D,False,0.8177993790206505
2312,x1651f,male,23,Dutch,Running,68,False,True,False,False,1,True,master,C,False,0.05434069513057664
440,x2534a,male,25,Dutch,Football,67,False,False,False,False,1,True,master,A,False,0.5823208145979475
182,x7508f,male,24,German,Swimming,71,True,True,False,False,2,True,bachelor,A,False,0.6677017967057093
3903,x9408g,male,27,Dutch,Football,62,True,False,False,True,2,False,bachelor,D,False,0.019961822657516646
1493,x1366g,female,29,Dutch,Football,66,True,False,False,True,3,False,master,B,True,0.9974698654971668
3012,x7548f,male,25,Dutch,Running,64,True,True,False,False,2,True,bachelor,D,False,0.09369088429401115
1588,x3090e,female,28,Dutch,Rugby,63,False,True,True,False,0,False,master,B,False,0.001342048902726005
952,x7425e,male,30,Dutch,Cricket,70,False,False,False,False,1,True,phd,A,True,0.6348439545267931
356,x6075g,male,27,Dutch,Football,58,False,False,False,False,1,False,master,A,True,0.6553600361841947
1423,x3000b,male,26,German,Golf,53,False,False,True,False,0,False,bachelor,B,False,0.000194106141625507
3199,x8407d,female,21,Dutch,Tennis,59,False,True,False,False,2,False,bachelor,D,False,0.012216015747449632
1923,x6429a,male,26,Dutch,Tennis,68,False,True,False,False,1,True,master,B,False,0.0334059796549375
791,x4608d,male,25,Dutch,Tennis,59,False,False,True,False,1,False,master,A,True,0.7649476436009528
719,x3156c,female,22,Dutch,Football,62,False,False,False,False,1,True,bachelor,A,False,0.14796286020348978
2072,x6634f,male,27,Dutch,Football,60,False,True,False,False,1,True,bachelor,C,False,0.0017801441268603976
355,x8323c,male,30,Dutch,Football,68,False,False,True,False,1,True,phd,A,True,0.5763353327421037
2616,x2729a,female,22,Dutch,Chess,61,False,False,False,False,1,False,master,C,False,0.6375605589072549
3153,x7363g,male,30,Dutch,Cricket,66,False,False,True,False,1,True,master,D,True,0.6460995443626617
1589,x4048b,female,22,Dutch,Football,58,False,False,False,False,1,False,bachelor,B,False,0.01925662914765545
1573,x4478b,female,21,Dutch,Chess,68,True,False,False,False,2,True,master,B,False,0.7367305761260616
2076,x2928f,female,28,Dutch,Swimming,66,False,True,False,False,1,True,bachelor,C,False,0.012412234261789978
1639,x2552e,male,28,Belgian,Rugby,63,False,False,False,False,1,False,master,B,False,0.07860047022431389
3659,x9705a,female,23,Dutch,Swimming,73,False,True,False,False,1,True,master,D,True,0.9336458238053716
2790,x4497c,male,25,German,Football,65,True,True,False,False,2,True,bachelor,C,True,0.021193784359908027
1724,x3135a,male,24,Belgian,Rugby,63,False,False,False,True,1,True,bachelor,B,False,0.029349496460828794
547,x7476g,male,25,Dutch,Swimming,70,False,True,False,False,1,True,bachelor,A,False,0.2783855711685804
3059,x8828g,male,31,Dutch,Swimming,54,False,False,False,False,1,False,master,D,False,0.03028771340857439
110,x7366b,male,28,German,Football,62,False,False,False,True,2,False,bachelor,A,True,0.7470978556580516
2581,x4287g,male,24,Belgian,Rugby,60,False,False,False,False,1,False,bachelor,C,False,0.3016527130918284
3470,x7672a,female,27,Dutch,Chess,67,False,True,False,False,1,True,bachelor,D,True,0.5710190234183294
342,x8415b,male,26,German,Football,62,True,False,True,True,3,False,master,A,True,0.9814761714438409
1237,x7581g,male,27,Dutch,Rugby,59,False,False,True,False,0,False,master,B,False,0.001489461586762776
328,x3888b,male,26,Dutch,Football,57,False,False,False,False,1,False,bachelor,A,False,0.3746588760878397
2866,x3359c,male,28,Dutch,Rugby,52,True,False,True,False,2,False,master,C,True,0.5151426776378428
3519,x8516f,female,22,Dutch,Football,57,False,False,False,False,2,True,bachelor,D,False,0.015935744834867836
221,x3636a,female,27,Dutch,Running,64,False,False,False,False,0,True,master,A,False,0.01461271650974671
605,x3206e,male,22,Dutch,Swimming,62,False,True,False,False,1,True,bachelor,A,False,0.06628514292145198
44,x1060e,female,21,Dutch,Tennis,67,False,False,False,False,2,True,bachelor,A,False,0.5696922587487994
211,x6688c,female,24,Dutch,Running,58,False,False,False,False,1,False,bachelor,A,True,0.348192506320061
2227,x5618g,male,27,Dutch,Cricket,62,False,True,True,False,0,False,master,C,False,0.12173856346411653
103,x8519g,male,27,Dutch,Football,69,False,True,False,False,1,True,master,A,False,0.50126696584084
2304,x6430a,male,25,Belgian,Rugby,55,False,False,True,False,2,False,master,C,True,0.774546266391197
962,x5954b,male,29,Belgian,Football,60,False,False,False,False,1,False,bachelor,A,False,0.5305840686235362
2873,x8116d,female,22,Dutch,Golf,67,False,False,False,True,1,True,master,C,False,0.0663926466391001
1811,x5017c,male,29,Belgian,Rugby,56,True,False,False,True,3,False,bachelor,B,True,0.9761045992814482
3250,x7373a,female,30,Dutch,Rugby,59,True,False,False,True,2,False,bachelor,D,False,0.008872915638505105
2394,x3086e,female,26,Dutch,Rugby,50,False,False,False,False,2,False,bachelor,C,False,0.013232686197461142
2282,x7516c,female,28,Dutch,Swimming,65,False,False,True,False,1,True,master,C,True,0.7971922866661724
2256,x7391d,female,25,Belgian,Swimming,61,False,True,True,False,0,False,master,C,False,0.11879043080989639
2874,x4002f,male,26,Dutch,Football,68,False,True,False,False,2,True,bachelor,C,False,0.050166786149099925
807,x5894c,female,28,Belgian,Swimming,58,False,False,False,False,1,False,bachelor,A,False,0.5218769478875731
888,x7042b,male,26,Belgian,Football,56,True,False,False,True,2,False,bachelor,A,True,0.32777561693944635
492,x5139d,male,22,Belgian,Running,69,False,False,False,False,1,True,master,A,False,0.44110198141672385
778,x4099g,male,28,German,Rugby,60,False,False,True,False,2,False,master,A,True,0.8187771624903628
3643,x4117a,female,27,Dutch,Swimming,61,False,False,False,False,0,True,bachelor,D,False,0.11997991159246348
3776,x5272g,male,31,German,Swimming,64,False,True,False,False,1,True,bachelor,D,False,0.32415458289432864
3785,x4974a,male,30,Dutch,Rugby,67,True,False,False,True,3,False,master,D,True,0.23124480690463783
1567,x9288d,male,25,Dutch,Rugby,50,True,False,False,False,2,False,bachelor,B,True,0.7290438831382656
434,x2240a,female,26,Dutch,Football,60,False,False,False,False,1,True,bachelor,A,False,0.10212354433532198
2864,x7235c,female,24,Dutch,Football,64,False,True,False,False,1,True,bachelor,C,False,0.004139968690718497
3682,x9592e,female,28,Dutch,Swimming,70,False,True,False,False,1,True,master,D,True,0.9202872721889674
1322,x2070e,female,31,Dutch,Swimming,62,False,False,True,False,1,False,master,B,False,0.03834453350156266
3019,x9461e,male,30,Dutch,Rugby,67,False,False,False,False,1,True,master,D,True,0.7803195771866962
1426,x5844f,male,28,Belgian,Cricket,59,False,False,True,False,0,False,master,B,False,0.0008222157288605228
525,x2157e,other,22,Dutch,Chess,73,False,True,False,False,1,True,master,A,True,0.5293687788054888
1436,x3933e,male,27,Dutch,Rugby,63,True,False,False,True,1,False,master,B,False,0.31144166727400646
185,x5251b,female,22,Dutch,Running,65,False,True,False,False,0,True,bachelor,A,False,0.0061683804017295
3941,x5076c,female,30,Dutch,Rugby,70,False,True,True,False,1,True,master,D,True,0.8898382258520926
134,x3931f,female,23,Dutch,Cricket,58,False,True,False,False,1,True,bachelor,A,False,0.028941887489466214
3533,x5154g,female,22,Dutch,Swimming,61,False,False,False,False,2,False,bachelor,D,False,0.01322530788762952
2912,x8457c,male,24,Dutch,Football,51,False,False,False,True,2,False,bachelor,C,True,0.01879693635500915
69,x1857b,female,27,Dutch,Chess,71,False,True,False,False,0,True,phd,A,False,0.026296127393640224
3971,x9554f,male,28,Dutch,Football,55,True,False,False,True,3,False,master,D,False,0.00629394776942788
2996,x5516e,male,26,Belgian,Cricket,65,False,False,True,True,2,False,phd,C,True,0.9982150690970446
2319,x9510g,male,22,Dutch,Running,72,False,True,False,False,2,True,master,C,False,0.42198654896501536
1629,x7933a,female,30,Dutch,Golf,64,False,False,True,False,1,False,phd,B,False,0.027634146030880366
2221,x1754e,female,25,German,Chess,69,False,False,True,False,0,True,phd,C,False,0.09790856009216925
2450,x7369c,male,31,Belgian,Cricket,63,False,False,True,False,0,True,master,C,False,0.07974192206288182
3990,x4316d,male,25,Dutch,Football,59,True,False,False,True,3,False,master,D,False,0.021601537941948815
1481,x4705b,female,25,Belgian,Cricket,71,True,True,False,False,2,True,master,B,False,0.7458400847595378
2445,x1918a,female,30,Belgian,Swimming,62,False,False,False,False,2,True,bachelor,C,False,0.12459402915695375
3183,x8226f,female,28,Dutch,Swimming,63,False,True,False,False,0,True,bachelor,D,False,0.07385184097132967
3852,x4910e,male,30,Dutch,Golf,61,False,False,True,False,1,False,phd,D,False,0.08512051498466025
3047,x2190e,male,26,Dutch,Rugby,45,False,False,False,False,1,False,bachelor,D,False,0.00039415839165942763
3040,x3629f,male,32,Dutch,Swimming,60,False,False,False,False,0,False,master,D,False,0.03745772783152295
3357,x2537a,male,25,Dutch,Rugby,55,True,False,False,True,2,False,bachelor,D,False,0.002561647456088301
2424,x2393c,male,27,Dutch,Football,59,False,False,False,True,2,False,bachelor,C,False,0.10628002327803332
1560,x8921f,male,23,Dutch,Tennis,69,True,False,False,True,2,True,master,B,True,0.8789762123210794
2775,x8069f,female,22,Dutch,Chess,60,False,False,False,False,0,False,bachelor,C,False,0.03936489688616174
3066,x2276d,female,23,Dutch,Swimming,62,False,False,False,False,1,True,bachelor,D,False,0.17123431782196494
486,x4471e,female,25,German,Swimming,70,False,True,False,False,0,True,master,A,False,0.030205482747140723
3475,x1893d,male,25,Dutch,Cricket,74,False,True,False,True,2,True,bachelor,D,True,0.872364990976213
2395,x6511a,male,30,Dutch,Rugby,55,False,False,False,False,1,False,bachelor,C,False,0.1304040430181443
332,x7645b,female,26,Dutch,Tennis,63,True,False,True,True,2,False,master,A,True,0.9928500774765961
2401,x7087d,female,22,Dutch,Swimming,64,False,False,False,False,0,True,master,C,False,0.04455731351263299
3031,x6403b,male,25,Dutch,Swimming,76,True,True,False,True,2,True,master,D,True,0.9811163011774006
1515,x9433f,female,32,Dutch,Golf,67,False,False,True,False,1,True,master,B,False,0.013202664421327504
3706,x1911c,male,29,Dutch,Rugby,61,False,False,False,False,2,False,bachelor,D,False,0.017751386653700827
3152,x4433a,male,29,Dutch,Rugby,67,True,False,False,True,3,False,master,D,True,0.23124480690463783
3724,x9033b,other,25,Dutch,Swimming,61,False,False,True,True,2,False,master,D,False,0.29439780507047314
1483,x4329g,female,27,Dutch,Cricket,61,False,False,False,False,1,True,bachelor,B,False,0.009369249789467923
1919,x9081f,female,23,Dutch,Tennis,64,True,False,False,True,2,False,bachelor,B,True,0.7971960500726623
551,x3032c,male,27,Dutch,Rugby,58,False,False,False,False,2,False,master,A,True,0.9072418155158664
687,x9775d,female,29,Dutch,Golf,62,False,False,False,False,1,False,master,A,False,0.5992366904604923
1807,x6808d,female,28,Belgian,Swimming,68,False,True,False,False,1,True,bachelor,B,False,0.010672433975512003
1188,x2408b,male,26,Belgian,Cricket,64,False,False,False,False,0,False,master,B,False,0.0013116783748894517
2746,x2930b,female,27,Dutch,Swimming,60,False,False,False,False,1,True,bachelor,C,False,0.01681655402001113
3258,x4252c,female,28,Dutch,Chess,69,False,True,False,False,0,True,master,D,False,0.1794162004873863
3633,x4147e,male,30,Dutch,Football,67,True,False,False,True,3,False,master,D,True,0.21152598214336477
1516,x2463e,male,28,Dutch,Football,63,True,False,True,True,2,False,phd,B,True,0.899384958384313
1107,x7186f,male,21,Belgian,Football,59,False,False,False,False,1,False,bachelor,B,False,0.020542341096383327
3285,x3084c,female,22,Dutch,Chess,72,False,True,True,False,1,True,master,D,True,0.8988423775830289
413,x3936e,male,25,Dutch,Rugby,53,True,False,False,True,2,False,bachelor,A,False,0.17648697654523815
3564,x3296b,female,21,Dutch,Running,70,False,True,False,False,2,True,master,D,True,0.8836728932676102
2699,x3236a,male,32,Dutch,Swimming,60,False,False,True,False,0,False,master,C,False,0.15423868067360125
3652,x7829a,female,22,Dutch,Chess,57,False,False,False,False,0,False,bachelor,D,False,0.013945294227922662
3336,x7164g,female,29,German,Football,65,False,False,True,False,1,True,master,D,True,0.6813558419457387
669,x6976e,female,27,Dutch,Chess,64,False,True,False,False,1,True,master,A,True,0.3832228556992431
610,x3149b,male,25,Belgian,Tennis,49,False,False,False,False,2,False,bachelor,A,False,0.06394086026990904
1295,x5704c,female,26,Dutch,Swimming,60,False,True,False,False,0,False,bachelor,B,False,0.0004104816718160236
3829,x5002f,female,21,Dutch,Tennis,73,False,True,False,False,2,True,bachelor,D,True,0.7740191015941688
1925,x1455e,male,29,Dutch,Golf,58,True,False,True,False,2,False,master,B,False,0.7055137400607454
3144,x3486f,female,23,Dutch,Tennis,69,False,True,False,False,2,True,bachelor,D,False,0.49561152159347166
3862,x9935b,male,30,Belgian,Rugby,62,False,False,True,False,1,False,master,D,False,0.03501362789856572
174,x2452f,female,24,Dutch,Swimming,62,False,False,False,False,1,True,bachelor,A,True,0.25587624668541203
1802,x7595b,female,23,Dutch,Cricket,60,False,False,True,False,1,False,bachelor,B,False,0.0186917903946744
2863,x8804g,male,32,Dutch,Rugby,65,False,False,True,False,0,True,bachelor,C,False,0.09212800285142138
1184,x2253g,male,24,Dutch,Tennis,69,True,False,False,True,2,True,bachelor,B,False,0.5325721600565877
80,x5817b,female,27,Dutch,Football,61,False,False,False,True,2,False,bachelor,A,False,0.705079214449555
3975,x8450a,female,26,Dutch,Cricket,66,False,True,True,False,1,False,phd,D,True,0.4398034697999376
845,x1173d,female,21,Dutch,Running,60,False,True,False,False,1,False,bachelor,A,False,0.17835225967656357
1631,x1203f,male,26,Dutch,Football,51,True,False,True,False,2,False,master,B,True,0.7142792080263713
2684,x3708d,male,30,Belgian,Football,58,False,False,False,False,1,False,bachelor,C,False,0.05323023766351955
309,x9976d,male,22,Dutch,Golf,63,False,True,False,False,1,True,bachelor,A,False,0.039773022310151035
2352,x9618g,female,23,Dutch,Tennis,66,False,True,False,False,1,True,master,C,True,0.019269923327624672
1369,x4265e,female,27,Dutch,Football,56,False,False,False,False,3,False,bachelor,B,False,0.9618419160711226
3160,x8801a,male,25,Dutch,Rugby,59,True,False,False,True,2,False,master,D,False,0.07385839647797436
3553,x7420f,female,24,Dutch,Swimming,63,False,False,False,False,0,True,bachelor,D,False,0.13461785078013278
1622,x3127e,male,25,Dutch,Football,66,True,False,False,True,3,False,master,B,True,0.9974698654971668
1993,x6998c,male,25,Dutch,Tennis,60,True,False,False,True,2,False,bachelor,B,True,0.6277322011239642
3826,x2741b,male,28,Dutch,Swimming,63,False,True,False,False,1,True,bachelor,D,False,0.25981718044093316
444,x5306e,male,29,Dutch,Rugby,62,True,False,True,True,3,False,bachelor,A,True,0.869607620798091
3430,x4886e,male,25,Dutch,Tennis,62,False,False,False,False,2,False,master,D,False,0.18436650513662872
2242,x1617f,female,27,Dutch,Tennis,64,True,False,False,False,2,False,bachelor,C,False,0.2905948853739201
1280,x8600d,male,24,Dutch,Rugby,56,False,False,False,False,2,False,bachelor,B,False,0.5381283363486619
2078,x5061f,male,25,Dutch,Rugby,49,False,False,False,False,2,False,bachelor,C,False,0.009718871355056216
1761,x4361g,female,28,Dutch,Cricket,66,False,False,False,False,1,True,bachelor,B,False,0.012981215280086425
1936,x4370f,male,21,Dutch,Tennis,67,False,True,False,True,1,True,master,B,True,0.047629811439917145
2707,x6053g,male,31,Dutch,Golf,53,False,False,False,False,0,False,bachelor,C,False,0.003337417085030579
1047,x3913a,male,32,Dutch,Cricket,56,False,False,False,False,0,False,bachelor,B,False,0.0004386007322103317
1705,x4337g,male,30,Dutch,Football,56,False,False,True,True,3,False,master,B,True,0.9835940484836083
3718,x5858e,female,27,Dutch,Chess,59,False,False,False,False,2,False,bachelor,D,False,0.01768957458815306
2906,x8423g,female,32,Dutch,Golf,55,False,False,True,False,1,False,master,C,True,0.7383706505898662
917,x3241e,female,25,Dutch,Chess,57,False,False,False,False,0,False,bachelor,A,False,0.020252816443348018
631,x5155f,male,27,Dutch,Football,66,True,False,False,False,3,False,phd,A,True,0.9969554812403665
2147,x7255f,female,27,Dutch,Football,63,False,False,False,False,1,True,bachelor,C,False,0.01603499522175347
1651,x7776b,male,28,Belgian,Cricket,62,False,False,False,False,2,True,bachelor,B,False,0.2788374371024367
231,x8535f,male,24,Dutch,Rugby,56,False,False,False,False,1,False,master,A,True,0.7467250421205692
2461,x9325d,female,26,Dutch,Football,58,True,False,False,False,2,False,bachelor,C,False,0.10285962000512848
3501,x1445a,female,28,Dutch,Chess,66,False,True,False,False,1,True,bachelor,D,False,0.5185963604413213
3684,x9083c,male,31,Dutch,Golf,64,False,False,False,False,0,True,master,D,False,0.1488254513048414
3886,x2888f,male,25,Dutch,Cricket,66,False,True,False,False,1,True,bachelor,D,False,0.44519395723461935
1857,x2253c,female,26,Dutch,Golf,64,False,False,False,False,1,False,master,B,False,0.030172864747895378
139,x4509b,male,26,Dutch,Golf,60,False,False,False,False,0,True,master,A,False,0.013677782138627748
2233,x6515c,female,21,Dutch,Running,66,False,True,True,False,1,True,master,C,True,0.37421899602339237
2620,x5704e,male,25,Dutch,Football,61,False,False,False,True,2,False,bachelor,C,True,0.15366572254433306
3561,x9123g,male,28,Dutch,Cricket,61,False,False,False,False,1,False,bachelor,D,False,0.0644860057180353
3631,x5381c,female,25,Dutch,Tennis,71,False,True,False,True,2,True,bachelor,D,False,0.4978576067412003
3934,x1339d,female,21,Dutch,Football,61,False,False,False,False,1,True,bachelor,D,False,0.1538645255945449
536,x6847f,male,27,Dutch,Golf,66,False,True,True,False,1,True,master,A,True,0.32217719223949914
3222,x7002g,female,23,Dutch,Golf,67,False,True,False,False,1,True,bachelor,D,False,0.32358308197124347
2801,x6010f,female,30,Dutch,Swimming,51,True,False,False,False,1,False,bachelor,C,False,0.01920246905226867
28,x4499e,male,30,Dutch,Cricket,56,False,False,True,False,0,False,master,A,False,0.035702838301884164
1883,x2183d,male,31,Dutch,Football,71,True,False,True,False,1,True,phd,B,True,0.09396685952975657
2185,x9179c,male,32,Dutch,Golf,59,False,False,False,False,1,False,bachelor,C,True,0.06099382227470044
1491,x8526g,male,25,Belgian,Tennis,62,False,True,False,False,1,True,bachelor,B,False,0.013002811926073351
1463,x7350g,female,25,Dutch,Swimming,60,False,False,True,False,0,False,bachelor,B,False,0.000516740809070198
2757,x6303e,male,31,Dutch,Cricket,65,False,False,True,False,0,True,master,C,False,0.08997260520476533
2297,x7410c,male,25,Dutch,Football,59,False,False,False,False,1,True,bachelor,C,False,0.006942149122391408
435,x4204c,male,26,Dutch,Tennis,58,True,False,False,False,2,False,bachelor,A,False,0.47223062339371974
886,x9772b,male,24,Dutch,Football,67,True,False,False,True,2,True,bachelor,A,False,0.39840487949461345
3638,x9448e,female,28,Dutch,Chess,69,False,True,False,False,1,True,bachelor,D,True,0.6702222240283139
3332,x7585f,female,27,Dutch,Chess,73,False,True,True,False,1,True,phd,D,True,0.9086858910903163
3071,x3570c,female,26,German,Tennis,68,False,True,False,False,1,True,bachelor,D,False,0.23489685432425508
1764,x4286b,male,27,Dutch,Football,58,False,False,True,False,2,False,master,B,False,0.536245417245448
3314,x2343b,male,29,Dutch,Rugby,66,False,True,True,False,0,True,master,D,False,0.2605097838339447
1963,x4018b,male,25,Dutch,Football,67,True,False,False,True,3,True,bachelor,B,True,0.8933311847839356
2488,x7606e,female,27,Dutch,Rugby,64,False,True,True,True,2,False,master,C,True,0.9730034891593468
362,x1760d,female,24,Dutch,Chess,64,False,False,True,False,1,True,master,A,True,0.43891302995722964
2507,x1600c,female,31,Belgian,Golf,56,False,False,False,False,1,False,master,C,True,0.17997413775754076
1358,x7387f,male,29,Belgian,Rugby,69,False,False,True,False,1,True,master,B,False,0.04279675823011447
3348,x9028c,male,28,Dutch,Chess,69,False,True,False,False,0,True,phd,D,False,0.18648917988151154
1949,x2656e,female,26,Dutch,Football,67,False,True,False,False,2,True,bachelor,B,True,0.27602872529372846
1264,x6291b,female,25,Dutch,Cricket,60,False,False,False,True,2,False,bachelor,B,True,0.5639593270488348
1617,x6721g,female,21,Dutch,Cricket,66,False,True,False,False,1,True,master,B,False,0.01581992159602981
3418,x9664c,female,28,Dutch,Swimming,69,False,True,True,False,0,True,phd,D,False,0.20506689889095028
3609,x6038e,male,27,Dutch,Rugby,64,True,True,True,False,2,False,master,D,False,0.6167639634109685
779,x1687e,male,29,Dutch,Rugby,49,False,False,False,False,2,False,bachelor,A,False,0.06233179930657415
576,x9718b,female,25,Dutch,Football,49,False,False,False,False,2,False,bachelor,A,False,0.05596797703372086
789,x5573d,male,21,Dutch,Tennis,65,True,False,False,False,2,True,bachelor,A,False,0.40143088150484807
150,x8983a,female,24,Dutch,Football,64,False,False,False,False,2,True,bachelor,A,True,0.5910085134277511
2426,x7055c,male,30,Dutch,Rugby,57,False,False,False,False,1,False,bachelor,C,False,0.18630345635217085
937,x7493e,male,27,Belgian,Golf,68,False,True,False,False,1,True,bachelor,A,False,0.1065924730951766
3517,x3571d,female,25,Dutch,Chess,57,False,False,False,False,1,False,bachelor,D,False,0.02990742392688849
452,x3518d,male,29,Dutch,Golf,59,False,False,True,False,1,False,phd,A,True,0.5284558930353451
3278,x4446c,male,24,Dutch,Cricket,64,False,True,False,False,1,True,bachelor,D,False,0.3445034586466949
2715,x7848e,female,23,Dutch,Swimming,62,False,False,False,False,0,True,master,C,False,0.029638950191968525
743,x3205b,male,27,Dutch,Football,67,False,True,False,False,1,True,master,A,False,0.39696850313916615
56,x5134e,male,28,Dutch,Football,62,True,False,False,True,2,False,master,A,True,0.9357501357050593
3264,x8883f,female,26,Dutch,Running,55,False,False,False,False,0,False,bachelor,D,False,0.006247605964303754
2967,x7848a,female,27,Dutch,Football,62,False,False,False,True,2,False,bachelor,C,False,0.18324058491551082
2125,x6521e,male,27,Dutch,Football,56,False,False,False,False,1,False,bachelor,C,True,0.03551600866299026
2751,x8550d,male,27,Dutch,Rugby,59,True,False,True,False,2,False,phd,C,True,0.9916365603734226
2456,x3571e,male,26,Dutch,Rugby,58,False,False,False,False,2,False,bachelor,C,False,0.14011400762623544
1841,x2513e,male,24,Dutch,Football,55,True,False,False,True,3,False,master,B,True,0.9766785041328647
2029,x2453c,male,26,Belgian,Rugby,65,True,False,False,True,3,False,master,C,True,0.7874992475623949
1466,x4943e,female,25,Dutch,Golf,67,True,True,False,False,2,True,bachelor,B,True,0.44132426939325986
3184,x4440f,male,29,Dutch,Rugby,54,True,False,False,True,2,False,bachelor,D,False,0.0018760389485868792
2241,x9507a,male,26,Dutch,Golf,64,False,False,True,False,1,False,master,C,True,0.844082662297813
117,x1831a,female,26,Dutch,Cricket,53,False,False,True,False,0,False,bachelor,A,False,0.016910035813028617
1918,x2044a,male,28,Dutch,Running,67,False,True,False,False,1,True,master,B,False,0.00865373188948433
3968,x4059d,male,30,Dutch,Football,51,True,False,False,True,2,False,bachelor,D,False,0.0006566541875421837
3053,x8537d,male,32,Dutch,Rugby,55,False,False,False,False,0,False,bachelor,D,False,0.006309085151084612
3670,x3956d,female,32,Dutch,Golf,61,False,False,True,False,1,False,phd,D,False,0.08512051498466025
190,x6099a,female,25,Dutch,Swimming,70,False,True,True,False,1,True,master,A,True,0.5094591075477417
269,x3538b,male,27,Belgian,Tennis,74,False,True,False,False,2,True,bachelor,A,False,0.5458793531739766
1736,x5011f,female,29,Dutch,Cricket,57,False,False,True,False,0,False,master,B,False,0.0007206943812445223
370,x2323d,female,24,German,Running,64,False,True,False,False,1,True,bachelor,A,False,0.04845143214164185
316,x3421b,female,24,Dutch,Tennis,60,False,False,False,True,1,False,bachelor,A,False,0.14705074841138552
1297,x4460f,female,28,Dutch,Running,71,False,True,False,False,1,True,bachelor,B,False,0.00639333784413473
2411,x7152a,female,30,German,Football,56,True,False,True,False,2,False,master,C,True,0.7676044561215063
66,x4098d,male,21,Dutch,Swimming,63,False,True,False,False,1,True,bachelor,A,False,0.08064502937866881
530,x6738g,female,26,Dutch,Football,60,True,False,False,False,2,False,bachelor,A,True,0.5918208874348139
2588,x3722g,male,27,Dutch,Football,54,False,False,True,False,1,False,master,C,False,0.7095371714198458
130,x1248d,male,29,Dutch,Cricket,65,False,True,False,False,1,False,master,A,False,0.670786493636339
2845,x8280f,male,28,German,Tennis,61,True,False,False,True,2,False,bachelor,C,False,0.06384231595886777
1977,x8135a,male,27,German,Cricket,59,False,False,True,False,1,False,bachelor,B,False,0.017519829667689703
1889,x6037b,male,28,Dutch,Football,64,False,False,False,False,1,True,master,B,False,0.020434675008849993
967,x4901f,male,29,German,Cricket,64,False,True,False,False,0,True,master,A,False,0.019785793198744437
2584,x5040d,male,27,German,Tennis,58,False,False,False,True,2,False,bachelor,C,False,0.04465030617650375
2487,x7634b,male,31,Dutch,Golf,59,False,False,False,False,1,False,bachelor,C,False,0.06099382227470044
3247,x6484c,male,32,Dutch,Swimming,62,False,False,True,False,1,False,phd,D,False,0.05392160251268037
1292,x7335b,female,21,Dutch,Cricket,75,True,True,False,False,2,True,master,B,True,0.792543552547923
718,x5698b,female,27,Dutch,Swimming,58,False,False,False,False,0,True,bachelor,A,False,0.011418423203119421
1244,x9971a,female,27,Belgian,Swimming,67,False,False,False,False,0,True,master,B,False,0.0006729939280358752
71,x7767d,male,23,Belgian,Tennis,67,False,True,False,False,1,True,bachelor,A,False,0.0477558119342198
1012,x9400d,male,23,Dutch,Tennis,67,False,False,False,True,2,True,bachelor,B,False,0.4910547084569632
1399,x8142b,female,25,Dutch,Chess,58,False,False,False,False,0,False,bachelor,B,False,0.000402502841848028
616,x7849f,female,22,Dutch,Chess,61,False,False,False,False,2,False,bachelor,A,True,0.8396970897894138
3087,x4503e,female,27,Dutch,Cricket,65,False,True,False,False,1,True,bachelor,D,True,0.3937207670499134
1521,x5291f,female,22,Dutch,Cricket,70,False,True,False,False,2,True,bachelor,B,False,0.3119921970779596
1064,x7942f,female,30,Dutch,Tennis,55,True,False,False,True,3,False,bachelor,B,True,0.7613642921256157
344,x5357d,female,21,Dutch,Running,73,False,True,True,False,1,True,master,A,False,0.38251600538857067
1638,x2813f,male,30,German,Rugby,67,False,True,False,False,0,True,phd,B,False,0.0008519198147560002
652,x9041d,female,26,Belgian,Running,60,False,False,False,False,2,False,bachelor,A,True,0.5735388472677495
2694,x7524e,male,26,Dutch,Swimming,62,False,False,False,False,1,True,bachelor,C,False,0.02545021042795904
3603,x1535f,male,25,Dutch,Swimming,55,False,False,False,False,1,False,master,D,False,0.03558053073367378
3432,x2663d,female,30,Dutch,Cricket,55,False,False,True,False,0,False,master,D,False,0.00942385033157199
3555,x7921b,male,26,Dutch,Football,57,False,False,False,False,1,False,bachelor,D,False,0.014676562426537046
3262,x5129b,male,25,German,Tennis,56,True,False,False,True,2,False,bachelor,D,False,0.003593028758739733
3755,x9117b,male,21,Dutch,Running,73,False,True,True,False,1,True,master,D,True,0.8571363249797569
1398,x8742f,male,30,Dutch,Football,51,False,False,False,False,2,False,bachelor,B,False,0.3214013509891992
1225,x4205f,male,26,Dutch,Tennis,73,False,True,False,False,1,True,master,B,False,0.04585547455528294
496,x4146f,male,31,Dutch,Rugby,68,False,True,False,False,1,True,master,A,False,0.6457787637793098
1039,x1898c,male,24,Dutch,Football,62,True,False,True,True,2,False,master,B,True,0.8886616677993627
2677,x1499a,male,24,Belgian,Tennis,62,True,False,False,False,3,False,bachelor,C,False,0.12506614671957722
3227,x5450e,male,25,Dutch,Football,70,False,True,False,False,1,True,bachelor,D,False,0.49115770825043265
2425,x8996d,male,28,Dutch,Rugby,52,False,False,False,True,2,False,bachelor,C,False,0.028513368351169934
98,x1198b,female,26,Dutch,Chess,69,False,False,False,False,1,True,master,A,True,0.5552670903703807
3781,x2944c,female,22,Dutch,Swimming,60,False,False,False,False,0,True,bachelor,D,False,0.1131897894748323
3871,x3132c,female,28,Dutch,Swimming,61,False,False,False,False,1,False,bachelor,D,False,0.03901527799373907
1446,x8381e,male,24,Belgian,Golf,66,True,True,False,False,2,True,bachelor,B,False,0.42513366543287046
828,x3130a,male,24,Belgian,Cricket,60,False,False,False,False,1,False,bachelor,A,True,0.5452197144897066
3103,x1855f,female,22,Dutch,Tennis,61,False,False,False,False,2,False,bachelor,D,False,0.018232005393984896
2617,x7659g,female,23,German,Swimming,67,False,False,False,False,0,True,master,C,False,0.08086678253550261
642,x4573f,male,27,Dutch,Football,52,False,False,False,False,2,False,bachelor,A,False,0.13137506889800077
3893,x1297e,female,21,Dutch,Tennis,73,True,True,False,True,2,True,bachelor,D,True,0.5393407079421106
1671,x8984c,female,24,Dutch,Chess,57,False,False,False,False,0,True,bachelor,B,False,0.00015264718913035063
3271,x1822c,male,24,Belgian,Football,49,True,False,True,False,2,False,master,D,False,0.01589145253817969
1956,x8756c,male,30,Dutch,Football,57,False,False,False,True,2,False,bachelor,B,True,0.5209431967758553
1920,x4669c,male,28,Dutch,Football,60,False,False,False,True,2,False,bachelor,B,True,0.5699520912975805
977,x7039a,male,27,Dutch,Football,72,False,True,False,False,1,True,bachelor,A,False,0.2292662693875476
1823,x6371c,female,32,Dutch,Rugby,62,False,True,False,False,0,False,bachelor,B,False,0.000816943969686325
1223,x7248f,female,25,Dutch,Tennis,72,False,True,False,False,1,True,phd,B,False,0.04504753070117051
2420,x7732c,female,23,Dutch,Tennis,57,False,False,False,False,1,False,bachelor,C,False,0.02161891876181928
974,x4766d,female,27,Dutch,Golf,53,False,False,True,False,0,False,master,A,False,0.018455383030865132
1689,x6417b,female,23,German,Swimming,67,False,True,True,False,1,True,master,B,False,0.015302132633944364
679,x4161b,male,30,Dutch,Rugby,67,False,True,False,False,0,True,phd,A,False,0.044667378552218195
699,x9849f,female,23,Dutch,Football,64,True,False,False,True,2,True,bachelor,A,False,0.2598234392921329
160,x9625e,female,27,Dutch,Chess,66,False,True,False,False,0,True,bachelor,A,False,0.010379173628016585
2750,x1515d,male,29,Dutch,Football,60,False,False,False,False,1,False,master,C,True,0.35366868988485045
1735,x9702g,male,29,Belgian,Football,61,False,False,False,False,1,False,bachelor,B,False,0.02337075607986032
2577,x1931d,male,30,Belgian,Football,57,False,False,True,False,1,False,master,C,True,0.8216999969201698
901,x7534f,male,28,Dutch,Cricket,57,False,False,False,False,1,False,bachelor,A,False,0.495885239916658
1962,x5103e,male,30,Dutch,Golf,67,False,True,True,False,0,True,phd,B,False,0.00025357529470072614
1055,x5574c,female,21,Dutch,Tennis,63,False,False,False,False,1,True,bachelor,B,False,0.019929692411397054
1054,x8602e,male,29,Dutch,Tennis,67,True,False,False,True,3,True,bachelor,B,True,0.8026464582221059
1145,x5344d,male,27,Dutch,Football,66,False,False,False,True,2,True,bachelor,B,False,0.4436023327549795
2191,x6644b,female,28,German,Chess,70,False,True,False,False,0,True,master,C,False,0.04308452041461959
3415,x3023f,male,22,Belgian,Tennis,75,True,True,False,True,2,True,master,D,True,0.9193216973801127
2070,x6920c,female,27,German,Chess,68,False,False,False,False,1,True,master,C,True,0.43772129699336515
1013,x7135d,male,27,Dutch,Cricket,71,False,True,False,False,1,True,bachelor,B,False,0.012498048446534127
3545,x2247a,female,30,Dutch,Golf,67,False,True,True,False,1,True,master,D,True,0.8310025402333807
752,x2628d,other,27,Dutch,Football,54,True,False,False,True,3,False,master,A,False,0.41934316263314736
1709,x6176d,male,23,Belgian,Tennis,68,True,True,False,False,2,True,bachelor,B,True,0.3773742798104994
521,x5018e,male,29,Dutch,Rugby,57,False,False,False,False,1,False,bachelor,A,True,0.6061467722785795
2349,x7058d,male,28,Belgian,Football,50,True,False,False,True,3,False,bachelor,C,False,0.003421913493398413
229,x3179f,female,23,Dutch,Swimming,59,False,False,False,False,1,False,bachelor,A,True,0.5383018940076404
1262,x7994c,male,24,Dutch,Rugby,51,False,False,True,False,2,False,master,B,True,0.5631731429511497
2954,x3161d,male,28,Dutch,Football,67,False,True,False,True,1,True,bachelor,C,False,0.0024572589873670414
242,x4685d,female,23,Dutch,Chess,61,False,True,True,False,0,True,master,A,False,0.011472309397545415
2264,x2908g,male,24,Belgian,Football,54,False,False,False,False,2,False,bachelor,C,False,0.0400212807588176
3431,x2035d,female,28,Dutch,Chess,74,False,True,True,False,0,True,phd,D,False,0.21736477378902833
2288,x7333a,male,25,Dutch,Tennis,65,False,False,False,False,1,True,bachelor,C,False,0.011938843251792643
57,x6281a,male,25,German,Football,52,False,False,False,False,1,False,master,A,False,0.561442086565618
3298,x6929e,other,29,Dutch,Rugby,59,False,False,False,False,1,False,master,D,False,0.062352072131733556
12,x4044c,female,27,German,Football,62,False,True,False,False,1,True,bachelor,A,False,0.03461096266793674
2100,x9534d,male,24,Dutch,Football,52,True,False,False,False,2,False,bachelor,C,False,0.017311896329184864
2043,x9794a,female,21,Dutch,Chess,75,False,True,True,False,2,True,master,C,True,0.9839249101055638
3629,x2191g,female,28,Dutch,Swimming,73,False,True,False,False,1,True,master,D,True,0.9336458238053716
2563,x7529b,female,26,Dutch,Cricket,71,False,True,True,False,2,True,phd,C,True,0.9936335968847803
1805,x4355e,female,25,Dutch,Chess,66,False,True,False,False,1,True,bachelor,B,False,0.007266829983299699
63,x7200f,male,32,Dutch,Rugby,68,False,False,False,False,1,True,master,A,True,0.724856040281356
945,x8429d,female,28,Dutch,Cricket,60,False,False,True,False,0,False,master,A,False,0.045983828636641876
3392,x7604a,male,30,Dutch,Football,62,True,False,True,True,3,False,master,D,False,0.2537790184004122
686,x4690e,male,28,Dutch,Tennis,57,True,False,True,True,3,False,master,A,True,0.92762620643298
730,x2315b,male,25,Dutch,Rugby,51,True,False,False,True,2,False,master,A,False,0.5055696126881183
2681,x7306c,male,24,Dutch,Tennis,59,False,False,False,False,1,True,bachelor,C,False,0.003383388402699413
1479,x2163c,male,32,Dutch,Cricket,56,False,False,False,False,1,False,bachelor,B,False,0.016516292200413625
3673,x6434f,male,25,Belgian,Rugby,59,False,False,False,False,2,False,bachelor,D,False,0.00958683840014613
258,x2198e,male,28,Dutch,Tennis,64,False,False,False,False,2,True,master,A,True,0.8172942783575007
3219,x4645c,female,28,Dutch,Rugby,68,False,True,True,True,1,False,phd,D,True,0.7750949858896399
1378,x3397b,male,31,German,Golf,57,False,False,True,False,0,False,phd,B,False,0.00046779108451245954
2322,x5976a,male,24,Dutch,Rugby,55,False,False,False,False,2,False,master,C,False,0.3626439746054858
598,x6635g,female,28,Dutch,Tennis,68,True,True,False,True,2,True,bachelor,A,False,0.07582113703482267
785,x6575a,female,28,Dutch,Golf,58,False,False,False,False,1,False,master,A,True,0.5345715443692451
2252,x1689b,male,24,Dutch,Football,51,False,False,False,False,2,False,master,C,True,0.1270759908946265
463,x7065d,male,30,Dutch,Rugby,54,True,False,False,False,2,False,master,A,False,0.6899456293472841
2856,x1547e,female,21,Dutch,Chess,72,False,True,True,False,0,True,master,C,False,0.08029739706385684
2333,x1128a,other,26,Dutch,Rugby,59,True,False,False,True,2,False,bachelor,C,False,0.17075631894394336
1882,x8676g,male,32,Dutch,Swimming,59,False,False,True,False,1,False,master,B,False,0.03167996681121023
702,x3984f,female,26,German,Cricket,59,False,False,True,False,0,False,master,A,False,0.04317596789152208
1592,x4602b,male,27,Dutch,Football,52,True,False,True,False,2,False,phd,B,False,0.7368238457599084
3582,x9576b,male,25,Belgian,Rugby,54,False,False,True,False,2,False,master,D,False,0.020445640339320618
3542,x8796b,other,23,Dutch,Chess,73,False,True,True,False,1,True,master,D,True,0.9046826517895894
2868,x9098d,male,27,Dutch,Rugby,63,False,False,False,True,2,False,bachelor,C,False,0.4763855184537855
3731,x7213a,male,27,German,Football,64,True,False,False,True,3,False,master,D,False,0.0951532409601996
946,x5794g,male,25,German,Football,55,True,False,False,False,3,False,master,A,True,0.4570474242398512
352,x5779f,male,28,German,Football,68,True,False,False,True,3,False,master,A,True,0.9827912911038857
1725,x3742f,male,27,Dutch,Football,55,False,False,False,False,2,False,bachelor,B,True,0.38141166452119013
3940,x9463e,male,28,Belgian,Rugby,54,True,False,False,False,2,False,bachelor,D,False,0.0016007924046832357
1156,x2224f,male,27,Belgian,Rugby,60,False,False,False,False,1,True,bachelor,B,False,0.01579690470849563
3592,x7320e,female,24,Dutch,Tennis,71,False,True,False,False,1,True,master,D,True,0.7868772022227258
