,gender,age,nationality,sport,university_grade,debateclub_exp,international_exp,ind-entrepeneur_exp,languages,degree,company,decision,probability
946,female,24,Dutch,Rugby,64,False,True,True,2,master,A,True,0.8773225330407062
918,male,26,German,Swimming,67,False,False,False,1,master,A,True,0.6063792518710939
2080,male,22,Belgian,Football,65,True,False,True,1,bachelor,C,False,0.16186519235271188
1441,male,27,Dutch,Running,62,False,False,False,1,bachelor,B,False,0.16911062110782832
314,male,25,Dutch,Tennis,61,False,False,False,1,bachelor,A,False,0.26828953945279205
3498,male,24,Dutch,Tennis,57,False,False,True,2,bachelor,D,False,0.07530801571653951
1636,male,24,Dutch,Football,57,True,True,False,2,bachelor,B,False,0.6857505303190669
2300,male,22,Belgian,Running,71,False,False,True,2,master,C,False,0.27228149748674607
2133,male,22,Dutch,Football,72,False,False,False,2,bachelor,C,False,0.13048482916763585
1396,female,26,Dutch,Running,66,False,False,False,1,bachelor,B,False,0.131284010622373
2158,female,22,Dutch,Golf,60,False,False,False,2,bachelor,C,False,0.25412894035073125
2355,male,22,Dutch,Tennis,62,True,False,True,2,bachelor,C,False,0.220329674776343
2095,female,27,Dutch,Swimming,70,False,False,False,2,master,C,False,0.38469743317226857
2939,other,25,Dutch,Rugby,66,True,False,False,2,bachelor,C,True,0.24844455770117996
781,female,22,Dutch,Football,70,False,False,False,2,bachelor,A,False,0.33596436565009863
2666,female,24,Dutch,Tennis,64,False,False,False,1,bachelor,C,False,0.17748857756748285
3109,male,26,Belgian,Tennis,67,False,False,False,2,bachelor,D,True,0.3066689523759723
1354,male,21,Dutch,Swimming,67,False,False,False,1,bachelor,B,True,0.16767769957426257
2064,male,26,German,Tennis,70,False,False,False,1,master,C,False,0.257312980052633
672,male,24,Dutch,Swimming,64,False,False,False,1,bachelor,A,True,0.30549365701421954
2606,male,26,Dutch,Tennis,59,True,False,True,3,bachelor,C,False,0.23596983274339295
353,female,24,German,Football,62,False,False,False,1,bachelor,A,True,0.2764151170440767
2393,male,26,Dutch,Cricket,57,False,False,False,1,master,C,True,0.5273477385937064
3334,male,24,Dutch,Football,57,False,True,False,2,bachelor,D,False,0.139538537192653
2336,male,28,Dutch,Rugby,53,False,False,True,2,master,C,True,0.5131039155826232
1411,female,27,Dutch,Golf,67,False,False,False,1,bachelor,B,False,0.13051221137954364
2219,male,23,Dutch,Tennis,58,False,False,False,1,bachelor,C,False,0.24252627667276877
1181,female,21,Dutch,Tennis,69,False,False,True,2,master,B,True,0.605823716710186
3680,male,28,Dutch,Football,69,False,False,False,1,master,D,True,0.6812105364184511
3601,female,26,Dutch,Golf,67,False,False,False,1,master,D,True,0.5855870932636309
3611,male,32,Dutch,Golf,63,False,True,False,0,bachelor,D,False,0.12299840801187219
2604,male,26,Dutch,Football,55,False,False,True,2,bachelor,C,False,0.24704000755077296
2009,male,27,Belgian,Golf,54,False,False,False,1,bachelor,C,False,0.2684723820622165
2289,female,27,Belgian,Swimming,64,False,False,False,1,master,C,False,0.36257654208587375
3418,female,25,Dutch,Chess,66,False,False,False,0,master,D,True,0.23064714480925066
778,male,27,German,Rugby,70,False,True,False,1,master,A,True,0.7517884141033069
2298,male,22,Dutch,Running,72,False,False,False,2,master,C,False,0.27582689207415223
3932,male,22,Dutch,Running,75,True,False,True,2,master,D,True,0.7309305710756072
1136,male,30,Dutch,Rugby,59,True,False,True,3,master,B,True,0.8726494789834865
646,male,27,German,Football,54,True,True,False,2,phd,A,False,0.6407860646164497
3247,male,26,Dutch,Golf,56,False,True,False,1,master,D,False,0.10654156348894737
1913,male,27,Belgian,Football,54,False,True,True,2,master,B,True,0.6704902297067391
3600,male,24,German,Rugby,58,False,False,False,2,bachelor,D,False,0.12789891438502113
3183,female,25,Dutch,Tennis,64,False,False,False,1,bachelor,D,False,0.20260782034332764
153,other,24,Dutch,Chess,70,False,False,False,1,master,A,True,0.6823758418834881
1327,male,22,Dutch,Football,64,False,False,False,1,bachelor,B,False,0.14339896455473009
3857,female,28,Dutch,Chess,60,False,False,False,1,master,D,False,0.2543325278972601
2573,male,27,Belgian,Swimming,52,True,False,False,2,bachelor,C,False,0.21366487937237533
650,male,25,Dutch,Rugby,57,False,False,False,1,master,A,True,0.5519655567169078
2908,female,30,Dutch,Rugby,59,False,True,False,1,bachelor,C,True,0.5020039599733959
1965,male,26,Dutch,Football,62,True,False,True,3,bachelor,B,True,0.7842769183668273
2509,male,29,Dutch,Swimming,55,False,False,False,1,bachelor,C,False,0.24553469118327642
945,male,27,Dutch,Football,55,False,False,False,1,bachelor,A,False,0.21533922012611273
3814,male,29,Dutch,Cricket,67,False,True,False,1,master,D,True,0.6690841325261407
2370,male,32,Dutch,Golf,58,False,False,False,1,bachelor,C,True,0.2720409677667031
2060,male,28,Dutch,Rugby,66,False,True,False,0,phd,C,False,0.3171115400060106
2787,female,26,Dutch,Rugby,53,False,True,False,0,master,C,True,0.24489185000588037
480,male,27,Dutch,Swimming,68,False,False,False,1,bachelor,A,False,0.2916733899599839
766,male,25,Dutch,Football,62,True,False,False,2,master,A,True,0.7965376218468887
2377,male,27,Dutch,Rugby,57,False,False,False,1,bachelor,C,False,0.2685997329040701
2816,male,27,Dutch,Football,51,False,False,False,1,bachelor,C,False,0.19147935629548915
1631,male,25,Dutch,Tennis,66,False,False,False,2,master,B,True,0.6291144969045227
3524,female,26,German,Chess,60,False,False,False,0,bachelor,D,False,0.0757974852989896
2776,male,25,Dutch,Football,59,True,True,True,2,master,C,True,0.7522458341611292
2521,female,23,Dutch,Chess,67,False,False,False,1,bachelor,C,False,0.20651374525265173
8,female,28,Dutch,Football,65,True,False,True,3,bachelor,A,False,0.5622645763467249
552,female,28,Belgian,Tennis,74,False,False,True,2,bachelor,A,False,0.20690799095348075
1742,male,23,Dutch,Swimming,58,False,False,False,0,bachelor,B,False,0.06214157713394667
3705,male,28,Dutch,Rugby,66,True,True,True,3,master,D,True,0.5364690762824738
2642,female,24,Dutch,Running,63,False,False,False,1,master,C,False,0.35852813053124677
2775,male,26,Dutch,Rugby,51,True,True,False,2,master,C,True,0.5205126166054954
3427,male,23,Dutch,Cricket,75,False,False,True,2,master,D,True,0.8249113058526304
2444,female,25,German,Swimming,63,False,False,False,1,bachelor,C,True,0.23404047157058733
1027,female,22,Dutch,Tennis,63,False,False,False,1,bachelor,B,False,0.19911899286879287
2226,female,31,Dutch,Golf,56,False,False,False,1,bachelor,C,False,0.2760783155877752
3011,male,25,Dutch,Football,50,False,False,False,2,master,D,False,0.06401483002625101
3622,female,22,Dutch,Chess,57,False,False,False,0,bachelor,D,False,0.05428289734946958
219,male,24,German,Swimming,67,False,False,False,1,bachelor,A,False,0.2969519195170154
403,male,27,Dutch,Rugby,69,False,True,False,0,master,A,False,0.2681134585096568
2539,male,23,Dutch,Chess,69,False,False,False,1,bachelor,C,False,0.1906747943426066
1254,female,25,Dutch,Cricket,60,False,False,True,2,bachelor,B,True,0.49193895510711827
1208,female,26,Dutch,Football,63,True,True,False,2,master,B,True,0.7437452657045849
2957,female,24,Dutch,Chess,62,False,False,False,1,bachelor,C,False,0.24912088306807648
3714,female,22,Dutch,Tennis,66,False,False,False,1,bachelor,D,True,0.2558908714483017
3771,female,24,Dutch,Football,57,False,False,False,2,master,D,False,0.18956018001178554
564,female,28,German,Swimming,58,False,True,False,0,master,A,False,0.16766178117731834
3545,female,27,Belgian,Chess,67,False,False,False,1,master,D,True,0.6484329152574418
791,female,22,Dutch,Tennis,72,False,False,False,1,bachelor,A,True,0.19327975738530118
807,female,25,Dutch,Chess,59,False,False,False,1,bachelor,A,False,0.32407119619233565
2159,male,27,Dutch,Rugby,65,False,True,False,1,master,C,True,0.6943485793729377
1638,male,27,Dutch,Football,64,True,False,False,2,master,B,True,0.695202009752146
3890,female,27,Dutch,Swimming,65,False,False,False,0,bachelor,D,True,0.1404208083909747
2485,male,26,Dutch,Swimming,63,True,False,True,3,master,C,True,0.4450447991111348
1360,female,31,Belgian,Golf,60,False,True,False,1,bachelor,B,False,0.22241302942829533
151,male,28,Dutch,Football,48,False,False,False,1,bachelor,A,False,0.09211408810679816
338,female,23,Belgian,Chess,61,False,False,False,1,master,A,True,0.6331622762618733
3231,female,28,Dutch,Chess,69,False,False,False,0,master,D,False,0.348450431761767
3090,male,24,Dutch,Rugby,56,False,False,True,2,master,D,False,0.144037527072611
1847,male,26,Dutch,Rugby,63,True,True,False,2,bachelor,B,True,0.7094969451253454
3915,male,27,Dutch,Running,62,False,False,False,1,master,D,False,0.3058662233292997
1065,female,21,Dutch,Swimming,63,False,False,False,1,bachelor,B,False,0.20291077014760758
2784,female,26,Dutch,Swimming,62,False,False,False,0,master,C,False,0.12416629383537839
1978,female,27,Dutch,Running,65,False,False,False,1,bachelor,B,False,0.1398290080796248
302,female,21,Dutch,Chess,62,False,False,False,1,bachelor,A,True,0.34464982143898326
2798,male,24,Dutch,Football,63,True,True,True,2,master,C,False,0.7580780727493982
1520,female,24,Dutch,Swimming,62,False,False,False,1,bachelor,B,False,0.21227125915834702
2588,male,25,German,Football,52,False,False,False,2,master,C,True,0.5106627792409107
323,female,27,German,Tennis,66,False,True,True,2,master,A,True,0.8215849447206494
2195,male,30,Dutch,Football,54,True,True,False,3,master,C,True,0.6036877617900237
656,male,25,Dutch,Golf,66,False,False,False,1,bachelor,A,False,0.29084800607526684
3715,male,26,Dutch,Football,64,True,False,True,3,master,D,False,0.3614290610566598
3366,female,25,German,Cricket,69,False,False,False,1,master,D,True,0.7256320335774998
1552,male,31,Dutch,Golf,60,False,True,False,0,master,B,False,0.03670919615235629
892,male,25,Dutch,Tennis,52,False,False,True,2,bachelor,A,False,0.20213905771183946
294,male,30,Dutch,Rugby,51,True,False,True,2,master,A,False,0.379575581830638
469,female,28,Dutch,Swimming,59,True,True,True,3,master,A,True,0.7832236751484082
1135,male,27,Dutch,Football,66,False,False,True,2,bachelor,B,False,0.36146310016816313
3224,female,26,Dutch,Running,58,False,False,False,0,bachelor,D,False,0.06626658516007684
2984,female,22,Dutch,Chess,72,False,False,False,2,master,D,True,0.8578635824206541
167,female,25,Dutch,Golf,61,False,False,False,1,bachelor,A,False,0.31682672053293265
914,female,23,Dutch,Swimming,58,False,False,False,1,bachelor,A,False,0.2671237076389771
774,male,29,Dutch,Rugby,49,False,False,False,2,bachelor,A,False,0.16289330343685765
1784,female,26,Dutch,Chess,67,False,False,False,0,master,B,False,0.03784971411628519
2190,male,31,Dutch,Rugby,66,False,True,False,0,phd,C,False,0.3171115400060106
1950,male,28,Dutch,Tennis,64,False,False,False,1,bachelor,B,False,0.18677505369764305
1780,female,27,German,Chess,74,False,False,True,2,master,B,False,0.5246879473703256
1410,male,26,German,Golf,53,False,True,False,0,bachelor,B,False,0.06375416503263033
621,male,27,Dutch,Tennis,58,False,False,False,1,bachelor,A,False,0.26186748720889347
721,female,23,Dutch,Swimming,67,False,True,False,1,bachelor,A,True,0.5047237790300773
3944,female,26,Dutch,Swimming,63,False,True,False,0,master,D,False,0.11123789321281125
1237,male,25,Dutch,Football,53,True,False,True,3,master,B,True,0.7940717651539441
3314,female,21,Belgian,Golf,72,False,False,False,1,master,D,True,0.7731487667166174
1562,male,25,German,Golf,70,False,False,True,2,bachelor,B,False,0.24670015813979346
2144,male,24,Dutch,Football,58,True,False,True,2,bachelor,C,False,0.2765449819205825
2598,male,27,Dutch,Swimming,54,False,False,True,2,bachelor,C,False,0.2315566577410968
1725,male,29,Dutch,Rugby,61,True,False,True,2,master,B,True,0.8064616550531221
2419,female,25,Belgian,Swimming,67,False,False,False,0,master,C,False,0.10117925710796959
1406,female,25,Belgian,Swimming,62,False,False,False,1,bachelor,B,False,0.21227125915834702
585,male,24,Dutch,Football,54,True,False,True,2,bachelor,A,False,0.3337137780240753
3882,female,24,Belgian,Swimming,68,False,False,False,1,bachelor,D,True,0.4153018786352798
1567,female,21,Dutch,Swimming,69,False,False,False,1,bachelor,B,False,0.15416404755149837
532,female,21,Dutch,Football,60,False,False,True,2,bachelor,A,False,0.36910292169030384
116,male,24,Dutch,Football,59,True,False,True,3,bachelor,A,True,0.5289085657078134
718,female,26,Dutch,Swimming,50,True,False,True,3,bachelor,A,False,0.16635249178449135
3904,female,28,Dutch,Chess,64,False,False,False,0,master,D,False,0.16651899679201562
3923,male,24,Dutch,Rugby,51,True,False,False,2,bachelor,D,False,0.05230100876870922
595,female,28,Dutch,Tennis,68,True,False,True,2,bachelor,A,False,0.3448921259650334
3321,male,28,Dutch,Chess,69,False,False,False,0,phd,D,False,0.2696603350954399
3848,female,29,Dutch,Swimming,55,False,False,False,1,bachelor,D,False,0.06757659280751528
1361,male,26,Dutch,Swimming,73,True,False,True,2,master,B,True,0.6830606701470481
3806,male,29,Dutch,Football,66,False,False,False,2,master,D,True,0.630002865624327
919,male,22,German,Swimming,60,False,False,False,2,bachelor,A,False,0.41789065234543865
2983,male,30,Dutch,Swimming,58,False,False,False,0,master,D,False,0.0512001846339993
999,female,27,Dutch,Chess,74,False,False,False,1,master,B,False,0.24077945865910033
1457,female,27,German,Football,64,True,False,False,2,bachelor,B,True,0.5668588203563102
2585,female,22,Dutch,Cricket,63,False,False,False,1,bachelor,C,False,0.24150147345261452
2238,female,22,Dutch,Tennis,71,False,False,False,2,master,C,False,0.3224315851462788
3775,female,28,Dutch,Running,70,False,True,False,1,phd,D,True,0.6767185852590196
1689,male,22,Belgian,Tennis,62,False,False,False,1,bachelor,B,False,0.21188325641616687
3414,male,21,Dutch,Golf,66,False,False,False,2,master,D,True,0.5877157331950698
631,male,27,Dutch,Rugby,59,True,True,True,3,master,A,True,0.8072203013208493
93,male,25,Dutch,Running,63,False,False,False,1,master,A,False,0.5339376257894265
107,male,28,Dutch,Tennis,58,True,False,False,2,bachelor,A,False,0.476526840634812
676,male,30,Dutch,Rugby,67,False,False,False,0,phd,A,False,0.26396316498750666
1982,female,31,Belgian,Cricket,56,False,False,False,0,master,C,False,0.19675170376027978
68,female,24,Dutch,Swimming,57,False,False,False,1,bachelor,A,False,0.25234275341769835
1505,female,24,Dutch,Running,56,False,False,False,1,bachelor,B,False,0.2129744828133813
1714,male,22,Dutch,Tennis,70,False,False,True,2,master,B,True,0.5909727891263603
367,male,25,Dutch,Swimming,56,True,False,True,3,bachelor,A,True,0.35955314214522344
743,female,22,Dutch,Swimming,71,True,False,True,2,master,A,True,0.7547342505669765
492,female,27,Dutch,Cricket,56,False,False,False,1,bachelor,A,True,0.25059435102945243
629,female,22,Dutch,Cricket,65,False,False,False,1,master,A,False,0.681720494635396
2445,female,30,Dutch,Football,55,False,True,False,1,master,C,True,0.6371330583307306
411,female,29,Dutch,Rugby,63,False,False,False,2,bachelor,A,True,0.5565735853276754
263,male,30,Dutch,Rugby,54,True,False,True,3,master,A,False,0.5583552631178751
3153,male,21,Dutch,Swimming,56,False,False,False,1,bachelor,D,False,0.07787390463612087
3605,female,22,Dutch,Running,71,False,False,False,1,master,D,True,0.7247705379569057
669,female,21,Dutch,Football,59,False,False,False,2,bachelor,A,False,0.41686036223316114
16,male,28,Dutch,Cricket,63,False,True,False,1,phd,A,False,0.7176400926577983
1833,female,22,Dutch,Running,63,False,False,False,1,master,B,False,0.1972229652523652
3229,female,27,Dutch,Cricket,68,False,False,False,1,bachelor,D,True,0.37823050771721134
3753,female,22,Dutch,Football,61,True,False,False,2,bachelor,D,False,0.1734622847743693
2094,male,22,Belgian,Tennis,73,True,False,True,2,master,C,False,0.28460002821279395
25,male,24,Dutch,Football,68,False,False,False,2,master,A,False,0.801960220667301
3077,female,22,Dutch,Tennis,61,False,False,False,2,bachelor,D,False,0.15960903856676906
2067,female,29,Dutch,Swimming,62,False,False,False,2,bachelor,C,False,0.27012647962180814
789,male,28,Dutch,Swimming,67,False,False,False,2,bachelor,A,True,0.4205410653858368
3350,female,30,Dutch,Football,60,False,True,False,1,master,D,False,0.2581247847635184
2453,female,27,Dutch,Football,66,False,True,False,1,master,C,True,0.6906779708609012
1761,male,30,Dutch,Swimming,58,True,True,False,2,master,B,False,0.7322568694575425
3388,female,28,Dutch,Running,58,False,False,False,0,bachelor,D,False,0.06626658516007684
1906,male,28,German,Rugby,57,False,False,False,2,bachelor,B,True,0.5528017651353874
2360,female,29,Dutch,Cricket,65,False,False,False,1,master,C,True,0.4485714328224272
2866,male,25,German,Football,58,True,False,True,2,master,C,False,0.49719978352480587
2565,male,30,German,Rugby,59,True,False,True,3,master,C,True,0.4246456343359879
3504,male,22,Dutch,Golf,68,False,False,False,1,bachelor,D,False,0.36419581062016015
888,male,22,Dutch,Cricket,68,False,False,False,2,bachelor,A,False,0.41731705666374713
3204,female,25,Dutch,Football,71,False,False,True,2,bachelor,D,True,0.38550146006732117
3522,male,23,Dutch,Running,65,False,False,False,2,bachelor,D,True,0.28632806185682624
1866,female,26,German,Cricket,67,True,False,False,2,bachelor,B,False,0.487339909013819
3456,female,26,Belgian,Golf,58,False,False,False,0,bachelor,D,False,0.061610036089732215
1553,male,25,Dutch,Rugby,50,True,False,False,2,bachelor,B,True,0.5246054783346569
1145,male,29,Dutch,Rugby,55,False,True,False,1,bachelor,B,False,0.24371526980802652
3403,female,28,Dutch,Chess,74,False,True,False,0,phd,D,False,0.40852356179896454
3021,male,26,Dutch,Rugby,45,False,False,False,1,bachelor,D,False,0.02653966948732583
3868,male,27,Dutch,Football,62,True,False,True,2,bachelor,D,False,0.1780674799996229
3055,male,26,Dutch,Swimming,66,False,False,False,1,bachelor,D,True,0.33863603569629797
798,male,24,Dutch,Swimming,56,False,False,False,0,bachelor,A,False,0.10339386188655975
716,female,22,Dutch,Football,62,False,False,False,1,bachelor,A,False,0.2764151170440767
2274,female,27,Dutch,Running,65,True,False,True,2,bachelor,C,False,0.1809227759231341
504,male,26,Dutch,Rugby,63,True,True,True,2,master,A,True,0.8574390783022492
2479,female,21,Dutch,Running,62,False,False,False,2,bachelor,C,False,0.23711578225203592
2329,female,26,Dutch,Running,64,False,False,False,0,bachelor,C,False,0.10782726642539132
3907,male,27,Dutch,Football,72,False,False,False,1,master,D,True,0.7697511365902576
1790,female,28,Belgian,Swimming,68,False,False,False,1,bachelor,B,False,0.16049205867588462
349,male,27,Belgian,Swimming,61,True,False,True,3,master,A,True,0.7414600541335847
2532,female,25,Dutch,Golf,70,True,False,True,2,bachelor,C,False,0.15184943995650507
601,male,24,Dutch,Football,62,False,False,False,1,bachelor,A,False,0.2764151170440767
1297,male,21,Belgian,Football,76,True,False,False,2,phd,B,True,0.48969485228540127
249,female,32,Dutch,Cricket,56,False,False,False,1,bachelor,A,False,0.25059435102945243
886,female,23,Dutch,Chess,74,False,False,False,1,phd,A,False,0.5785596223721183
3681,male,27,Dutch,Football,64,True,False,False,2,master,D,False,0.4384684190247439
3937,female,26,Dutch,Cricket,66,False,True,False,1,phd,D,True,0.5508829658936506
2686,male,31,Dutch,Golf,53,False,False,False,0,bachelor,C,False,0.156785105847258
526,other,28,German,Running,61,False,False,False,0,master,A,False,0.15336977600553767
2878,female,24,Dutch,Tennis,63,False,False,False,1,bachelor,C,False,0.18960622613800887
1432,female,26,Dutch,Running,70,False,False,False,1,master,B,False,0.16811511068694016
1171,female,30,Dutch,Swimming,55,True,False,False,2,master,B,True,0.6915386342832935
591,female,29,Dutch,Rugby,60,False,True,False,0,master,A,False,0.20392766027687131
1671,male,26,Dutch,Swimming,50,True,False,True,3,master,B,True,0.6795062817376936
534,male,26,Dutch,Rugby,58,True,True,True,2,bachelor,A,True,0.6162124732493914
1670,female,30,German,Football,65,False,False,False,0,bachelor,B,False,0.03273833419545475
1058,male,26,Dutch,Rugby,64,False,False,True,2,master,B,True,0.7074621194395997
2169,female,27,Dutch,Running,65,False,False,False,1,master,C,False,0.3225926360401021
903,male,24,Dutch,Football,66,False,False,False,1,master,A,False,0.6230162953962464
2457,female,26,Dutch,Swimming,55,False,False,False,2,bachelor,C,False,0.2673643580489402
288,male,27,Dutch,Golf,75,True,False,False,2,master,A,True,0.6685417255667598
1294,female,27,Dutch,Rugby,56,False,True,False,0,master,B,False,0.04063507127465517
1039,male,22,Dutch,Swimming,70,False,True,False,0,phd,B,False,0.05162470647931726
1936,male,30,Dutch,Football,57,False,False,True,2,bachelor,B,True,0.49068508968063296
1735,female,24,Dutch,Chess,76,False,False,False,1,master,B,False,0.24871055953869742
1493,female,28,Dutch,Football,70,False,False,False,1,bachelor,B,False,0.10228474411202695
1367,male,31,German,Golf,57,False,True,False,0,phd,B,False,0.05187644848803094
2690,male,21,Dutch,Football,58,False,False,False,1,bachelor,C,False,0.23450364499608425
1811,male,28,Belgian,Rugby,59,False,False,False,2,master,B,True,0.702333054580615
1166,female,26,Dutch,Running,73,False,False,False,1,master,B,False,0.17031477791418176
1184,male,27,Dutch,Football,53,True,False,False,2,master,B,True,0.6553935204404167
3793,other,21,Dutch,Swimming,66,False,False,False,0,master,D,True,0.1924219607992617
3553,male,26,Dutch,Cricket,56,False,False,False,0,master,D,False,0.04733434794713687
2312,other,26,Dutch,Rugby,59,True,False,True,2,bachelor,C,False,0.27211450550915517
3827,female,26,Dutch,Tennis,75,False,False,False,2,master,D,True,0.8299150489706434
1463,male,21,Dutch,Cricket,74,False,False,True,2,master,B,True,0.5238145645990775
3031,male,25,Belgian,Swimming,70,False,False,False,1,master,D,True,0.72419995258852
385,female,26,Dutch,Swimming,69,False,False,False,2,master,A,True,0.7817873916296605
3051,male,26,Dutch,Football,55,False,False,True,2,bachelor,D,False,0.0610442389224093
687,male,28,Dutch,Swimming,62,False,False,False,1,bachelor,A,True,0.3022715898468734
930,male,29,Dutch,Football,64,True,False,True,3,bachelor,A,True,0.56717435708163
1386,male,30,Dutch,Football,51,False,False,False,2,bachelor,B,False,0.378011191133663
359,female,28,Belgian,Swimming,62,False,False,False,1,master,A,False,0.5659154563629603
3480,male,27,Belgian,Football,63,False,False,True,2,bachelor,D,False,0.17147658470397142
925,male,25,Dutch,Swimming,71,True,False,False,2,master,A,True,0.7843823626007438
1985,female,24,Dutch,Football,68,True,False,False,2,bachelor,C,False,0.1899863900741672
1694,male,23,Belgian,Tennis,68,True,False,False,2,bachelor,B,True,0.5246830656500592
1262,female,28,Dutch,Golf,54,False,False,False,1,bachelor,B,False,0.22419014877494584
1941,female,23,Dutch,Chess,74,False,False,False,2,master,B,False,0.4643814770739857
10,female,27,Dutch,Football,61,False,False,False,1,bachelor,A,False,0.2761861524640925
2203,other,25,German,Football,60,False,False,True,2,bachelor,C,False,0.2451929857030377
1952,male,26,Belgian,Football,62,True,False,True,3,master,B,True,0.8593633127016574
3340,male,26,Dutch,Football,70,False,False,False,1,bachelor,D,True,0.389068713269409
2262,male,27,German,Rugby,65,False,True,False,1,master,C,True,0.6943485793729377
772,female,25,Dutch,Tennis,74,True,False,True,2,master,A,True,0.6677404713229466
1472,male,30,Dutch,Rugby,55,True,False,True,2,bachelor,B,True,0.7187312199226034
1668,male,24,Dutch,Chess,71,False,False,False,0,master,B,False,0.04661699826195783
3528,male,29,Dutch,Rugby,65,False,True,False,2,master,D,True,0.6712262925759387
2856,female,28,Dutch,Swimming,68,False,False,True,2,bachelor,C,False,0.19809944362598547
2704,male,30,Dutch,Football,63,True,False,True,2,master,C,True,0.4632575123969629
1131,male,29,Dutch,Swimming,64,True,False,True,2,bachelor,B,True,0.6756579895853533
3507,female,25,Dutch,Tennis,51,False,False,False,2,bachelor,D,False,0.053931475795066554
3018,female,26,Dutch,Swimming,67,False,False,False,1,master,D,True,0.5893285529882034
3653,male,31,Dutch,Golf,64,False,False,False,0,master,D,False,0.1561021649661484
1918,male,21,Dutch,Tennis,67,False,False,True,1,master,B,True,0.29683977880788914
3633,other,25,Dutch,Chess,74,False,False,False,2,phd,D,True,0.8040109284164328
836,male,30,Dutch,Football,52,True,False,True,2,bachelor,A,False,0.26147271197222993
2494,male,26,Dutch,Cricket,59,False,False,False,0,master,C,False,0.1846065464623868
3010,female,28,Dutch,Chess,70,False,False,False,2,master,D,True,0.8234093467991781
752,female,21,Dutch,Swimming,53,False,False,False,0,bachelor,A,False,0.0905115012460772
1598,male,29,Dutch,Swimming,51,False,False,True,1,bachelor,B,False,0.2195869540124956
2452,female,28,Dutch,Swimming,63,True,False,True,2,bachelor,C,False,0.2645941841388683
553,male,23,German,Tennis,60,False,False,False,1,bachelor,A,False,0.2688275509971115
2241,female,22,Dutch,Tennis,71,True,False,False,2,bachelor,C,False,0.14946739141734694
97,female,28,Dutch,Chess,71,False,False,False,2,master,A,False,0.8161518057821778
1614,male,24,Dutch,Football,55,True,False,True,3,master,B,True,0.8305007293782399
259,female,27,Dutch,Running,69,False,True,False,1,master,A,False,0.6519066011354362
2956,male,24,Dutch,Football,61,False,False,False,1,bachelor,C,False,0.2154173595985654
937,female,28,Dutch,Cricket,60,False,True,False,0,master,A,False,0.18875777696257015
3558,female,22,German,Football,60,False,False,False,2,bachelor,D,False,0.1400759187475458
423,male,29,Dutch,Rugby,61,True,True,True,2,master,A,True,0.8342413354982284
2437,male,28,Dutch,Tennis,61,False,False,True,2,bachelor,C,False,0.20479564416479507
105,female,22,German,Golf,63,True,False,True,2,bachelor,A,False,0.40652577957269215
551,male,24,Dutch,Rugby,58,True,False,True,2,master,A,True,0.7228976601131873
1384,female,28,German,Running,69,False,False,False,1,master,B,False,0.16917313071752835
205,male,24,Dutch,Swimming,66,True,False,True,2,bachelor,A,False,0.45892578411713614
3027,male,32,Dutch,Rugby,55,False,False,False,0,bachelor,D,False,0.04344037976417983
3561,female,26,Dutch,Cricket,55,False,False,False,0,master,D,False,0.04230916965734797
1053,female,28,Dutch,Football,66,False,False,False,1,bachelor,B,False,0.12572569156059246
3757,male,28,Dutch,Swimming,57,False,False,False,1,bachelor,D,False,0.0903105702403966
2182,female,25,Dutch,Football,67,False,False,False,1,bachelor,C,False,0.15280012633787257
1006,male,24,Dutch,Football,62,True,True,True,3,master,B,True,0.8745971391801047
5,female,26,Dutch,Chess,63,False,False,False,1,bachelor,A,True,0.3460470670545308
1630,female,30,German,Swimming,61,False,True,False,0,master,B,False,0.035970737274469415
1266,female,25,Dutch,Running,68,False,False,False,1,master,B,False,0.17126795714781415
3955,male,27,Dutch,Football,69,False,False,False,1,master,D,False,0.6812105364184511
3432,male,25,Dutch,Football,55,True,False,True,3,master,D,False,0.11425205338112927
957,male,26,Dutch,Tennis,59,False,False,False,2,bachelor,A,False,0.4060152157780566
3800,female,25,Dutch,Running,73,False,False,False,2,master,D,True,0.8014103260617297
213,male,24,Dutch,Football,65,True,False,True,3,bachelor,A,True,0.5622645763467249
427,female,28,Dutch,Cricket,65,False,False,False,0,master,A,False,0.2265665194137256
2050,female,29,Dutch,Golf,56,False,False,False,0,master,C,True,0.19029877003702905
3860,male,32,Belgian,Golf,64,False,True,False,1,master,D,False,0.4543765100578294
3530,female,21,Belgian,Chess,68,False,False,False,1,bachelor,D,True,0.4205888095588242
290,male,26,Dutch,Running,64,False,False,False,2,bachelor,A,True,0.3756245831886364
2131,female,27,Dutch,Rugby,62,False,True,False,0,master,C,True,0.2693126176324561
247,male,26,Dutch,Rugby,63,True,False,True,3,bachelor,A,True,0.6145553414064847
3501,female,25,German,Chess,71,False,True,False,1,phd,D,True,0.7487857200301397
31,female,31,Belgian,Golf,61,False,False,False,1,bachelor,A,True,0.31682672053293265
3250,male,26,Dutch,Rugby,55,False,False,True,2,bachelor,D,False,0.06887724813196446
2331,female,23,Dutch,Tennis,66,False,False,False,1,master,C,True,0.32635181663516993
366,female,26,Dutch,Golf,68,True,True,False,2,master,A,True,0.840427276367912
2486,female,31,Belgian,Golf,56,False,False,False,1,master,C,True,0.4707597026695821
317,male,31,Dutch,Cricket,67,False,True,False,0,phd,A,False,0.27246572419292114
3948,female,29,Dutch,Rugby,55,True,True,False,2,master,D,False,0.10837174270398862
3646,female,26,Dutch,Rugby,50,False,False,False,2,bachelor,D,False,0.041300184375097866
3733,female,23,Dutch,Running,66,False,False,False,1,master,D,True,0.5188849788625761
388,male,30,German,Football,59,False,False,False,2,bachelor,A,True,0.41686036223316114
416,male,28,Dutch,Football,65,False,True,False,0,master,A,False,0.2523842866152941
3415,female,27,Dutch,Chess,63,False,False,False,1,bachelor,D,False,0.23674171637577926
29,male,26,Dutch,Football,65,False,False,False,1,bachelor,A,False,0.26387838056067575
1677,male,30,Dutch,Rugby,52,False,True,False,0,bachelor,B,False,0.06158858585284012
3095,male,22,Dutch,Football,71,False,False,False,1,master,D,True,0.746583083088989
3616,female,26,Dutch,Chess,68,False,False,False,0,master,D,False,0.3076952542570736
704,female,25,Dutch,Running,63,False,False,False,2,bachelor,A,True,0.3826771780076176
1318,female,26,Dutch,Chess,74,False,True,False,1,phd,B,True,0.24445787021222148
1775,other,29,Dutch,Rugby,58,True,False,True,3,master,B,True,0.8673616163699388
408,male,27,Dutch,Cricket,60,False,False,False,1,bachelor,A,False,0.30308161328889344
3216,female,25,Dutch,Football,63,True,True,False,3,master,D,False,0.4033044365678206
792,female,28,Dutch,Swimming,63,False,False,False,1,master,A,False,0.5792666167622729
1990,male,30,Dutch,Rugby,59,False,True,False,0,bachelor,C,False,0.2340151872576234
688,female,24,Dutch,Chess,61,False,False,False,1,master,A,True,0.6331622762618733
2363,male,21,Dutch,Football,66,False,False,True,2,bachelor,C,False,0.18660281706025694
1369,female,27,Dutch,Swimming,70,False,True,False,1,master,B,False,0.2637832090048365
2701,female,21,Dutch,Running,62,False,False,False,1,bachelor,C,False,0.23102233444587955
547,female,23,Dutch,Swimming,65,False,False,False,0,master,A,False,0.18299457739922412
605,male,27,Dutch,Tennis,61,False,False,True,2,master,A,True,0.7255714691062244
3410,male,30,German,Tennis,52,True,False,False,3,bachelor,D,False,0.07432035556573754
3628,female,23,Dutch,Swimming,73,False,False,False,1,master,D,True,0.7976701976390006
1295,female,22,Dutch,Football,58,False,False,False,1,bachelor,B,False,0.20049383947669536
3603,male,30,German,Football,61,False,False,True,2,bachelor,D,False,0.13168367956866128
308,female,22,Dutch,Running,57,False,False,False,0,bachelor,A,False,0.10741029287919443
3858,female,21,Dutch,Tennis,73,True,False,True,2,bachelor,D,True,0.40315928705349185
2547,male,27,German,Chess,58,False,False,False,0,bachelor,C,False,0.13281980090723827
2033,female,28,Belgian,Swimming,61,False,False,False,1,bachelor,C,False,0.24758003206577964
3752,female,28,Dutch,Football,60,False,False,True,2,bachelor,D,False,0.11523220375479763
3404,female,30,Dutch,Cricket,55,False,True,False,0,master,D,False,0.0322470115503676
2619,female,26,Dutch,Football,67,False,False,False,1,bachelor,C,False,0.15280012633787257
790,male,26,Dutch,Rugby,63,False,False,False,0,bachelor,A,False,0.14004630989018155
1547,male,24,Dutch,Football,61,True,False,True,2,bachelor,B,True,0.687427576757047
1841,female,26,Dutch,Running,58,False,False,False,0,bachelor,B,False,0.056761385915397124
2774,female,21,Dutch,Running,64,False,True,False,0,master,C,False,0.23139732210760217
3813,female,26,Dutch,Tennis,63,False,False,False,2,bachelor,D,False,0.2016390206861227
291,female,23,Dutch,Swimming,65,False,True,False,1,master,A,True,0.7182355180330394
1440,male,21,Dutch,Football,62,False,False,False,2,bachelor,B,True,0.395899209723834
2682,female,23,Dutch,Swimming,74,False,True,False,1,phd,C,True,0.6461549535157287
2629,female,28,Dutch,Chess,67,False,False,False,1,bachelor,C,False,0.20651374525265173
510,female,23,Dutch,Running,58,False,False,False,1,bachelor,A,False,0.2597365548288861
3425,female,24,Dutch,Football,66,False,False,False,1,master,D,True,0.5361958365885533
3766,other,22,Dutch,Swimming,68,False,False,False,0,master,D,False,0.2619192189002816
610,male,21,Dutch,Golf,64,False,False,True,2,bachelor,A,False,0.33015550031869983
1352,female,29,Belgian,Golf,62,False,False,False,1,bachelor,B,False,0.17430966929501315
3592,female,32,Belgian,Cricket,58,False,True,False,1,master,D,False,0.16815665268293578
859,female,31,Dutch,Golf,65,False,True,False,0,master,A,False,0.25438780111831255
4,female,26,German,Golf,59,False,False,False,1,master,A,True,0.5621456151481078
2115,female,21,Dutch,Swimming,62,False,False,False,0,bachelor,C,False,0.11691549997020784
2390,female,30,German,Football,56,True,True,False,2,master,C,True,0.7137940182360762
3464,male,29,Dutch,Golf,62,False,False,False,1,bachelor,D,False,0.1805275560358875
2201,male,22,Dutch,Chess,71,False,False,False,0,master,C,True,0.11978065928452948
3744,male,25,Dutch,Running,65,False,False,False,1,master,D,False,0.46456362851896565
1810,male,26,Dutch,Tennis,56,False,True,False,2,master,B,True,0.720201552732745
2511,female,28,Dutch,Chess,70,False,False,False,1,master,C,False,0.35328089311682925
3770,male,28,Dutch,Golf,64,False,False,False,0,master,D,False,0.1561021649661484
3120,other,32,Dutch,Cricket,66,False,True,False,0,phd,D,False,0.18525100062401711
622,male,26,Belgian,Rugby,56,False,False,False,1,master,A,False,0.5151658544215517
2879,other,27,Dutch,Swimming,63,False,True,False,0,master,C,False,0.24524993163785536
2944,female,27,Dutch,Football,62,False,False,True,2,bachelor,C,False,0.2287214321434493
947,female,31,Dutch,Cricket,56,False,False,False,0,bachelor,A,False,0.09876343795831907
593,female,21,Dutch,Tennis,71,True,False,True,2,bachelor,A,False,0.30415052186239866
1079,female,27,Dutch,Swimming,61,False,False,False,2,bachelor,B,False,0.4789047255656692
1229,female,27,Dutch,Football,67,True,False,False,2,master,B,True,0.6581139372859207
2579,male,21,Dutch,Cricket,67,False,False,False,1,bachelor,C,False,0.20212453788387505
858,female,21,German,Running,64,False,False,False,1,bachelor,A,False,0.26975484288552976
2062,female,25,Dutch,Swimming,66,True,True,False,2,bachelor,C,True,0.6244552922446795
2836,male,27,Dutch,Rugby,60,True,False,True,3,bachelor,C,False,0.2365494775342068
3571,female,27,Dutch,Swimming,67,False,False,False,0,bachelor,D,False,0.17940215373354987
3277,male,31,Dutch,Swimming,57,False,True,False,1,phd,D,False,0.1291843564311025
3496,female,22,Dutch,Swimming,60,False,False,False,0,bachelor,D,False,0.07319133944305652
1902,male,28,Dutch,Football,60,False,False,True,2,bachelor,B,True,0.4721305700871499
1249,female,21,German,Tennis,56,False,False,False,1,bachelor,B,False,0.26894468835503627
969,male,27,Dutch,Football,72,False,False,False,1,bachelor,A,False,0.20750261128756317
3060,female,32,German,Golf,61,False,True,False,2,phd,D,False,0.37690999006565074
182,male,24,German,Swimming,71,True,False,False,2,bachelor,A,False,0.4626538085047519
1490,female,22,Dutch,Running,73,False,False,False,1,master,B,False,0.17031477791418176
2980,male,31,Dutch,Football,67,False,False,False,2,master,D,True,0.6754862436819875
1823,male,26,Dutch,Golf,64,False,False,True,2,bachelor,B,False,0.3437759022994255
356,male,31,German,Golf,58,False,True,False,0,master,A,False,0.1871913789962389
3185,female,24,Belgian,Swimming,65,False,False,False,2,master,D,True,0.5910463880827679
2375,female,23,Dutch,Tennis,69,False,False,False,2,master,C,False,0.36520854652412854
3505,female,22,Dutch,Swimming,61,False,False,False,2,bachelor,D,False,0.1906292463377142
440,female,26,German,Tennis,64,True,False,False,2,bachelor,A,True,0.4790025125464322
355,male,27,Dutch,Football,58,False,False,False,1,master,A,True,0.5165580640508852
2707,female,32,Dutch,Swimming,64,False,False,False,1,master,C,True,0.36257654208587375
1551,female,31,Belgian,Rugby,68,False,True,False,1,phd,B,False,0.26714300823640325
1563,male,26,Belgian,Cricket,56,False,True,False,1,master,B,False,0.25901752768428776
995,male,30,Dutch,Swimming,61,False,False,False,1,bachelor,B,False,0.22119841165590734
2867,female,21,German,Swimming,69,False,False,False,1,bachelor,C,False,0.1840191242571255
2998,male,26,Belgian,Running,68,False,False,False,1,master,D,True,0.6178417614715047
1283,male,25,Dutch,Football,53,False,False,True,3,master,B,True,0.7188849546773717
2477,male,22,Dutch,Golf,65,False,False,False,2,bachelor,C,False,0.1926215813816499
525,female,31,German,Rugby,58,False,True,False,0,master,A,False,0.18318414382095174
519,female,28,Dutch,Golf,62,True,False,True,2,bachelor,A,True,0.40882941692202446
110,male,28,German,Football,62,False,False,True,2,bachelor,A,True,0.37826499561769494
1398,female,28,German,Football,64,True,False,True,3,master,B,True,0.8501776977041423
2246,female,28,Dutch,Chess,74,False,False,False,1,master,C,False,0.30938118040404544
342,female,26,Dutch,Football,50,False,False,False,1,bachelor,A,False,0.12255508420977589
1216,female,27,German,Swimming,70,False,False,False,1,master,B,False,0.21910883105586043
328,male,26,Dutch,Rugby,49,True,False,True,2,bachelor,A,False,0.1676091281450463
1238,male,26,Dutch,Football,62,False,False,False,2,bachelor,B,False,0.395899209723834
2306,female,25,German,Running,71,False,False,False,1,master,C,False,0.23156223669231518
221,female,27,Dutch,Running,64,False,False,False,0,master,A,False,0.16095193944778477
3215,male,24,Dutch,Football,57,False,False,False,1,bachelor,D,False,0.07959194150458193
44,female,21,Dutch,Tennis,67,False,False,False,2,bachelor,A,False,0.3478143365605328
211,female,24,Dutch,Running,58,False,False,False,1,bachelor,A,True,0.2597365548288861
1293,male,27,Dutch,Swimming,60,True,True,True,3,master,B,True,0.8722863056233122
103,male,27,Dutch,Football,69,False,False,False,1,master,A,False,0.6150656768183156
2280,female,22,Belgian,Chess,69,False,True,False,0,master,C,False,0.27114587858453143
1557,male,30,German,Rugby,55,True,False,True,2,bachelor,B,True,0.7187312199226034
2132,female,29,Dutch,Swimming,50,True,False,False,2,bachelor,C,False,0.18094072097194916
1299,female,25,Dutch,Chess,67,False,False,False,0,master,B,False,0.03784971411628519
459,male,29,Dutch,Rugby,54,True,False,False,2,master,A,False,0.5774455703614743
855,female,22,Dutch,Chess,62,False,False,True,2,bachelor,A,True,0.41486295304820353
2258,male,27,Dutch,Rugby,56,True,False,True,3,master,C,False,0.3981334211210082
1056,female,21,Dutch,Swimming,66,False,False,False,0,master,B,False,0.0356613050290106
2845,male,27,Dutch,Rugby,63,False,False,True,2,bachelor,C,False,0.25103647814371066
3219,male,26,Dutch,Cricket,64,False,False,False,1,bachelor,D,False,0.2387067454726001
2753,female,22,Dutch,Chess,60,False,False,False,0,bachelor,C,False,0.1253471913249997
749,other,27,Dutch,Football,54,True,False,True,3,master,A,False,0.591969393002103
614,female,23,Dutch,Swimming,70,False,False,False,0,phd,A,False,0.22275205578426155
3431,female,23,Dutch,Football,72,False,False,True,2,bachelor,D,True,0.4081323185865576
2285,male,25,Dutch,Football,62,False,False,True,2,master,C,True,0.5189009603683661
434,male,26,Dutch,Tennis,58,True,False,False,2,bachelor,A,False,0.476526840634812
1364,female,28,Dutch,Running,60,False,False,False,1,bachelor,B,False,0.1886982140128229
3275,female,24,Dutch,Football,64,True,False,True,2,bachelor,D,False,0.2260821221774817
2987,female,32,Dutch,Rugby,57,False,False,False,0,master,D,False,0.05064102149802379
965,female,21,Dutch,Tennis,59,False,False,False,2,bachelor,A,False,0.4060152157780566
3906,female,30,Dutch,Rugby,70,False,True,False,1,master,D,True,0.7702675643831176
3169,male,29,Dutch,Football,51,True,False,False,2,bachelor,D,False,0.049823950846207186
3221,female,22,German,Swimming,69,False,False,False,1,master,D,True,0.6861692147779495
3324,male,31,Dutch,Cricket,61,False,True,False,0,master,D,False,0.08206910366454681
2480,female,27,Dutch,Swimming,63,True,False,True,2,master,C,False,0.45326348849362535
981,male,29,German,Rugby,59,False,False,False,1,bachelor,A,True,0.36414421763975613
185,female,22,Dutch,Running,65,False,False,False,0,bachelor,A,False,0.10262187959367128
1779,male,27,Dutch,Rugby,63,True,False,True,2,master,B,True,0.7998729867038916
3902,male,26,Belgian,Rugby,63,False,False,True,2,bachelor,D,False,0.22381448922141847
3950,female,31,Dutch,Football,62,False,False,False,0,master,D,False,0.10483129264956091
134,female,23,Dutch,Cricket,58,False,False,False,1,bachelor,A,False,0.28188155707071866
1625,male,28,Belgian,Rugby,63,False,False,False,1,master,B,False,0.2833159852893325
3743,male,31,German,Swimming,64,False,False,False,1,bachelor,D,False,0.26299359724783244
2882,male,28,Dutch,Tennis,62,True,False,True,3,master,C,False,0.42924059016995664
69,female,27,Dutch,Chess,71,False,False,False,0,phd,A,False,0.22854812172443614
1380,female,25,Dutch,Swimming,66,False,False,False,1,bachelor,B,False,0.17566039504880487
3664,male,30,Dutch,Rugby,64,True,False,False,2,bachelor,D,False,0.3156058428274868
2918,male,28,Dutch,Football,57,False,False,False,2,master,C,True,0.5942624116015377
1599,male,24,Dutch,Football,61,False,False,True,2,bachelor,B,True,0.458343999706418
1043,female,28,Dutch,Running,70,False,True,False,0,phd,B,False,0.04333344066118348
3869,female,28,Dutch,Rugby,56,False,True,False,1,master,D,False,0.09914879841587067
138,female,21,Dutch,Tennis,65,False,False,False,1,bachelor,A,False,0.246912751274688
1336,male,25,Dutch,Rugby,58,False,False,True,2,bachelor,B,True,0.5864537472783731
1879,male,29,Dutch,Swimming,57,False,False,False,1,master,B,False,0.2725126225317477
2862,female,28,Dutch,Chess,60,False,False,False,1,bachelor,C,False,0.26130513564594887
3359,male,28,Belgian,Rugby,64,False,True,False,2,master,D,False,0.6127683732366123
2295,male,27,Dutch,Football,72,False,False,False,1,master,C,False,0.24562108210364997
1860,male,26,German,Football,59,True,True,True,2,master,B,True,0.7958889197562848
3259,male,28,Dutch,Football,67,True,False,True,2,bachelor,D,False,0.31047778099330703
3788,female,25,Dutch,Running,61,False,False,False,0,master,D,False,0.09122488062393848
2555,male,25,Dutch,Football,56,True,False,True,3,bachelor,C,False,0.24304809510842657
2571,male,28,Dutch,Football,64,False,False,False,1,bachelor,C,False,0.18434814649594022
2273,male,28,Dutch,Rugby,55,False,False,False,2,bachelor,C,False,0.2678315009611722
974,male,27,Dutch,Football,65,False,False,True,2,bachelor,A,False,0.36719739016380715
2736,male,29,Belgian,Rugby,64,False,True,False,0,master,C,False,0.26240521839195113
3760,male,25,Dutch,Football,51,False,False,True,2,bachelor,D,False,0.039877497092848706
1920,female,27,Belgian,Chess,64,False,False,False,1,master,B,False,0.23607554609731118
2541,male,27,Dutch,Tennis,66,True,False,True,2,bachelor,C,False,0.17832217969208955
1792,male,27,Dutch,Golf,57,False,True,False,1,phd,B,False,0.24591373995748256
2030,male,26,Dutch,Tennis,65,True,True,True,3,master,C,True,0.6471544953846773
1629,female,23,Dutch,Chess,67,False,False,False,1,master,B,False,0.22730381462121255
841,female,25,Dutch,Running,61,False,False,False,1,bachelor,A,True,0.27624473472170735
3013,female,23,Dutch,Chess,57,False,False,False,0,bachelor,D,False,0.05428289734946958
2428,female,23,German,Running,73,False,True,False,1,master,C,False,0.4990690347538414
1273,female,25,Dutch,Chess,60,False,False,False,0,bachelor,B,False,0.04679691730954708
2039,male,23,Dutch,Running,61,False,False,False,2,bachelor,C,False,0.24769212721682163
1301,female,25,Dutch,Swimming,69,False,False,False,1,bachelor,B,False,0.15416404755149837
3508,male,29,Dutch,Tennis,62,True,False,True,3,master,D,False,0.2818053126694055
3459,female,24,Dutch,Tennis,63,False,True,False,1,bachelor,D,False,0.23811102497115602
2076,male,21,Belgian,Chess,65,True,False,False,1,master,C,False,0.328633870608929
1525,female,26,Dutch,Rugby,55,False,False,False,0,bachelor,B,False,0.07181317929541066
2325,female,26,Dutch,Cricket,69,True,False,False,2,bachelor,C,False,0.20137213298059578
3059,female,30,Dutch,Rugby,58,False,True,True,2,bachelor,D,False,0.14453331441453865
486,female,27,Dutch,Golf,58,False,False,False,1,bachelor,A,False,0.3033624113891284
1067,female,26,Dutch,Chess,60,False,False,False,1,bachelor,B,False,0.191552282057789
2495,female,28,Dutch,Chess,59,False,False,False,0,bachelor,C,False,0.1293573052404463
332,female,31,Belgian,Cricket,68,False,True,False,1,phd,A,False,0.7451177256433837
726,female,26,Dutch,Swimming,61,False,False,False,1,bachelor,A,False,0.2972355570985887
2925,male,22,Dutch,Tennis,60,False,False,False,1,bachelor,C,False,0.22482129914403023
970,male,27,Dutch,Cricket,76,True,False,False,2,master,A,True,0.7171221430346113
2008,male,26,Belgian,Rugby,65,True,False,True,3,master,C,True,0.41996976789682083
1013,female,24,Dutch,Chess,67,False,False,False,1,master,B,False,0.22730381462121255
1801,female,25,Dutch,Football,60,True,False,False,2,bachelor,B,False,0.6406262560103113
939,female,26,Dutch,Football,58,False,True,False,0,master,A,False,0.18004895932711457
2271,male,24,Dutch,Rugby,61,False,False,False,1,bachelor,C,False,0.26023636558652424
3150,female,22,Dutch,Chess,62,False,False,False,0,bachelor,D,False,0.09708405466203993
2236,female,23,Dutch,Chess,65,False,False,False,1,bachelor,C,False,0.22397416829311675
2719,male,24,Dutch,Rugby,63,True,True,True,2,master,C,True,0.7360654711951072
2204,female,27,Dutch,Swimming,67,False,False,False,0,master,C,False,0.10117925710796959
3511,male,27,Dutch,Rugby,52,True,False,True,2,bachelor,D,False,0.05587461320917424
1491,male,27,Dutch,Football,63,False,False,False,2,bachelor,B,False,0.37420973628415327
3589,female,24,Belgian,Swimming,75,False,True,False,1,master,D,True,0.8500212219626682
1090,male,26,Dutch,Football,58,False,False,False,2,bachelor,B,False,0.45558003237740835
413,female,26,Dutch,Golf,62,False,True,False,1,master,A,False,0.6901140160938711
2207,female,22,Dutch,Running,68,False,False,False,0,bachelor,C,False,0.08853641121531246
1773,male,29,Dutch,Rugby,52,True,False,True,2,bachelor,B,True,0.637945283436709
2000,male,23,Dutch,Cricket,63,False,False,False,1,bachelor,C,False,0.24150147345261452
3301,female,26,Dutch,Chess,65,False,False,False,0,bachelor,D,False,0.1419881003458376
2694,male,30,Dutch,Golf,62,False,False,False,0,bachelor,C,False,0.12570985037075416
1158,female,26,German,Running,66,False,False,False,1,master,B,False,0.1786898434371013
1834,female,25,Dutch,Swimming,56,False,False,False,1,bachelor,B,False,0.24480030393214092
3499,female,27,Dutch,Golf,59,False,False,True,2,bachelor,D,False,0.09374534588581848
3598,female,27,Dutch,Golf,65,False,False,False,2,bachelor,D,True,0.2518947625912786
779,female,26,Dutch,Tennis,69,False,False,False,1,bachelor,A,False,0.21405498558905797
2716,female,27,Belgian,Chess,76,False,False,False,1,master,C,True,0.29125712455672004
967,male,21,Dutch,Running,72,False,False,False,1,phd,A,True,0.4945230849333666
1954,other,26,Belgian,Swimming,70,False,False,False,1,master,B,False,0.21910883105586043
3852,female,29,Dutch,Cricket,64,False,True,False,1,master,D,False,0.48828172963834077
80,female,27,Dutch,Football,61,False,False,True,2,bachelor,A,False,0.37556366259359564
2752,female,25,Dutch,Swimming,63,False,False,False,2,bachelor,C,False,0.2621721836654263
3071,female,31,Dutch,Cricket,59,False,True,False,1,master,D,False,0.204896985208427
2733,male,28,Dutch,Rugby,69,False,True,False,0,master,C,False,0.2424387127532359
2352,female,28,Dutch,Rugby,60,False,True,False,1,master,C,True,0.7017257456783291
309,male,22,Dutch,Golf,63,False,False,False,1,bachelor,A,False,0.3119248831324194
1524,female,21,German,Football,61,False,True,False,1,bachelor,B,False,0.22781293281519485
2119,male,24,German,Swimming,71,True,False,True,2,master,C,False,0.3788994664924789
3694,female,27,Dutch,Swimming,62,False,False,False,1,master,D,False,0.2985494036037316
3516,female,28,Dutch,Chess,67,False,False,False,2,phd,D,True,0.6696994283257092
1594,female,23,Belgian,Chess,62,False,False,False,1,bachelor,B,False,0.17533220370576358
1953,male,30,Dutch,Football,50,False,False,False,0,bachelor,B,False,0.06350463594380158
647,female,25,Belgian,Swimming,62,False,False,False,2,master,A,True,0.7750392934387325
444,female,24,Dutch,Swimming,65,False,False,False,1,master,A,True,0.5976641466290653
3393,male,28,Dutch,Football,66,False,True,False,1,master,D,True,0.6234998969584125
2218,male,23,Dutch,Running,58,False,False,False,1,bachelor,C,False,0.25898949493037215
1259,male,29,Dutch,Tennis,61,False,False,True,2,bachelor,B,True,0.5043213141840903
2058,male,26,Dutch,Tennis,74,True,False,True,2,master,C,False,0.27663650588312544
3789,female,27,Dutch,Chess,71,False,False,False,1,phd,D,True,0.7020678748176491
828,male,28,Dutch,Football,50,False,False,False,2,master,A,False,0.352428472616756
723,male,22,Belgian,Swimming,68,False,False,False,2,master,A,True,0.7877551808780319
3737,male,31,Dutch,Football,63,False,True,False,1,master,D,False,0.434722437848953
1225,female,28,Dutch,Swimming,69,False,False,False,1,master,B,False,0.2194896148319698
1268,female,24,Dutch,Swimming,61,False,False,False,1,bachelor,B,False,0.22119841165590734
3929,male,30,Dutch,Rugby,56,False,False,False,1,bachelor,D,False,0.08098521069350555
883,male,24,German,Football,64,False,False,False,1,bachelor,A,False,0.26986206984521893
2125,male,23,German,Tennis,66,False,True,False,1,bachelor,C,False,0.434467627115741
2680,male,26,Dutch,Tennis,54,True,True,True,3,phd,C,True,0.5911090627409137
231,male,24,Dutch,Rugby,56,False,False,False,1,master,A,True,0.5151658544215517
3926,male,28,German,Rugby,59,True,False,True,3,bachelor,D,False,0.1398755924152245
3177,female,24,Dutch,Swimming,57,False,False,False,1,bachelor,D,False,0.0903105702403966
1064,male,27,Dutch,Rugby,53,True,False,True,3,bachelor,B,True,0.7280282139059037
1637,male,28,Belgian,Cricket,62,False,False,False,2,bachelor,B,False,0.43171472809447425
3355,female,23,Dutch,Chess,61,False,False,False,0,bachelor,D,False,0.08564075838084662
139,male,26,Dutch,Golf,60,False,False,False,0,master,A,False,0.1958001340027973
2886,male,28,Dutch,Cricket,64,False,False,False,1,master,C,False,0.46626111135590326
2594,female,25,Dutch,Chess,73,False,False,False,2,master,C,False,0.3992346543650847
1762,female,26,German,Cricket,55,False,True,False,1,master,B,False,0.2532417145938847
3476,male,29,Dutch,Football,66,False,False,False,1,master,D,True,0.5361958365885533
2885,male,28,Dutch,Football,54,False,False,False,1,master,C,False,0.42679534919903356
536,male,25,Dutch,Tennis,69,True,False,True,3,master,A,True,0.7487086793553391
2723,male,23,Dutch,Football,69,True,False,True,2,bachelor,C,False,0.19722295161213438
3730,male,31,Dutch,Golf,61,False,True,False,1,phd,D,False,0.278582133912685
28,male,30,Dutch,Cricket,56,False,True,False,0,master,A,False,0.1443827880574177
3479,male,26,German,Swimming,65,False,False,False,1,bachelor,D,True,0.300091074724832
2567,male,27,Dutch,Football,54,False,True,False,1,master,C,False,0.6084973307249462
3606,male,27,Dutch,Tennis,76,True,False,True,2,master,D,True,0.7675349900848176
1439,female,21,Dutch,Swimming,64,False,False,False,0,bachelor,B,False,0.046928355464706126
2730,male,25,Dutch,Football,69,False,False,False,1,master,C,False,0.2869421735689092
2540,female,24,Dutch,Swimming,69,False,False,False,1,master,C,False,0.2937760224599949
435,male,27,Dutch,Rugby,57,False,True,False,0,bachelor,A,False,0.14581749809837186
852,male,25,German,Rugby,58,True,False,True,3,master,A,True,0.7299354132487974
1292,female,27,Dutch,Chess,76,False,True,False,1,master,B,False,0.291936971228891
3054,male,25,German,Running,69,False,False,False,1,master,D,True,0.6596395026026602
3039,female,27,Dutch,Tennis,57,False,False,True,2,master,D,False,0.17367422803968705
780,female,28,Dutch,Golf,58,False,False,False,1,master,A,True,0.5398043893381498
3569,female,21,Dutch,Swimming,62,False,True,False,1,master,D,False,0.32831786640131405
3517,female,30,Dutch,Golf,67,False,True,False,1,master,D,True,0.6399015751527323
2464,female,28,Dutch,Chess,61,False,False,False,1,bachelor,C,False,0.2559172905628682
362,female,27,Dutch,Golf,74,True,False,True,2,master,A,False,0.6632612911422651
3441,male,27,Belgian,Football,57,False,False,False,1,bachelor,D,False,0.07959194150458193
1337,female,27,Dutch,Chess,65,False,True,False,1,master,B,False,0.25473006482589866
3313,male,29,German,Rugby,60,False,False,False,2,master,D,False,0.3326547957780125
2640,female,24,Dutch,Football,63,False,False,False,2,bachelor,C,False,0.2285848518516465
1243,male,27,Dutch,Rugby,52,False,False,True,2,bachelor,B,True,0.48714027487924766
1893,female,27,Dutch,Football,57,False,True,False,0,master,B,False,0.04173602443633437
3382,male,26,Dutch,Rugby,51,True,False,False,2,master,D,False,0.06037068005214652
2297,other,26,Dutch,Chess,67,False,True,False,0,phd,C,True,0.3135875480516618
956,female,27,Dutch,Football,62,False,False,False,1,bachelor,A,True,0.2764151170440767
576,female,26,Dutch,Chess,59,False,False,False,0,master,A,False,0.18916589535433084
1288,male,27,Dutch,Tennis,62,True,True,False,2,phd,B,True,0.7488847703251735
150,female,24,Dutch,Football,64,False,False,False,2,bachelor,A,True,0.42344106252867963
2397,female,31,Dutch,Football,62,False,True,False,1,master,C,True,0.7167809985069477
955,female,30,Dutch,Football,55,False,False,False,1,master,A,True,0.41253975177484287
452,female,25,Dutch,Chess,63,False,True,False,0,master,A,False,0.23964304874401024
1756,female,21,Dutch,Swimming,70,False,False,False,0,master,B,False,0.04099662576765595
3615,male,27,Dutch,Swimming,58,False,False,False,1,bachelor,D,False,0.10525200257015767
2827,male,24,Dutch,Rugby,58,True,True,True,3,phd,C,True,0.654309812714767
56,male,28,Dutch,Football,62,True,False,True,2,master,A,True,0.7783268901444412
1474,female,22,Dutch,Chess,75,False,False,False,1,master,B,False,0.24481521393150255
1187,male,29,Dutch,Rugby,57,False,True,False,0,master,B,False,0.03904584344228229
2104,male,27,Dutch,Football,56,False,False,False,1,bachelor,C,True,0.23523153121649878
2920,male,27,Dutch,Rugby,61,False,True,False,1,master,C,True,0.7054764722760948
977,female,26,Dutch,Football,68,True,False,False,2,master,A,False,0.804680435871162
1805,male,21,Dutch,Cricket,67,True,False,False,1,bachelor,B,False,0.2170591447674562
1706,male,27,Dutch,Cricket,61,False,False,False,1,master,B,False,0.28992618718045576
3066,male,26,Dutch,Golf,67,False,False,False,1,bachelor,D,True,0.3310234946941255
799,male,24,Dutch,Chess,71,False,True,False,0,master,A,False,0.3039283804183392
2217,male,29,Dutch,Football,65,False,False,True,2,bachelor,C,True,0.1972603802157231
117,female,26,Dutch,Cricket,53,False,True,False,0,bachelor,A,False,0.08829333674879107
2227,male,22,Dutch,Tennis,73,False,False,False,1,master,C,False,0.2242212599524801
2288,male,30,Dutch,Football,63,True,False,False,2,bachelor,C,False,0.24216729605962556
1139,male,28,Dutch,Football,61,True,False,True,3,bachelor,B,True,0.7907620219282059
3632,male,28,Dutch,Football,67,False,False,False,1,bachelor,D,True,0.30068396081946586
190,female,25,Dutch,Swimming,70,False,True,False,1,master,A,True,0.7290994359712404
269,male,27,Belgian,Tennis,74,False,False,False,2,bachelor,A,False,0.2469637254486159
2338,male,25,Dutch,Rugby,59,True,False,True,2,bachelor,C,False,0.27211450550915517
370,male,25,Dutch,Rugby,52,True,False,False,2,bachelor,A,False,0.31034071714821293
316,female,24,Dutch,Tennis,60,False,False,True,1,bachelor,A,False,0.19294287132428944
1518,female,28,Dutch,Swimming,56,False,False,False,1,master,B,False,0.2736908596359236
2387,male,26,Dutch,Rugby,59,True,True,True,2,master,C,True,0.7231692594061108
66,male,21,Dutch,Swimming,63,False,False,False,1,bachelor,A,False,0.3049541993744605
530,female,28,Belgian,Swimming,62,False,False,False,0,bachelor,A,False,0.11377317919478756
983,male,28,Dutch,Tennis,68,True,False,True,3,master,A,True,0.7583617003091018
130,male,29,Dutch,Cricket,65,False,False,False,1,master,A,False,0.681720494635396
2860,male,21,Dutch,Running,60,False,False,False,1,bachelor,C,True,0.24885039424493394
1622,female,30,Dutch,Rugby,56,False,False,False,0,master,B,False,0.05510152716379022
3379,female,32,Dutch,Football,65,False,False,False,1,bachelor,D,True,0.24023330771598664
2409,male,28,Dutch,Rugby,51,False,False,True,2,master,C,True,0.45898175376708145
3230,female,27,Dutch,Football,50,True,True,False,2,bachelor,D,False,0.052706991317995645
3723,female,30,Dutch,Cricket,69,False,True,False,0,master,D,False,0.3352558798122915
2071,male,26,Dutch,Rugby,63,True,False,True,2,master,C,True,0.47332300308439923
912,female,27,Dutch,Golf,65,False,False,False,1,master,A,False,0.6255067370446982
719,male,21,Dutch,Chess,70,False,False,False,1,master,A,False,0.6823758418834881
71,male,23,Belgian,Tennis,67,False,False,False,1,bachelor,A,False,0.23045721221883295
1529,female,26,Dutch,Chess,72,False,False,False,1,master,B,False,0.23329127951135178
1378,male,32,Dutch,Rugby,59,False,True,True,2,phd,B,False,0.6921684614767336
616,female,26,Dutch,Golf,64,False,True,False,1,master,A,False,0.7160691666689969
1905,male,26,Dutch,Tennis,68,False,False,False,1,master,B,False,0.26450428439855106
1339,male,28,Dutch,Cricket,63,False,True,False,0,master,B,False,0.03431625698794236
1011,female,28,Belgian,Football,66,False,False,False,1,master,B,False,0.21611993526722872
344,female,27,Dutch,Running,70,True,False,False,1,master,A,True,0.47758243450816007
1099,male,30,Dutch,Golf,57,False,True,False,0,master,B,False,0.039760504089341675
652,female,21,German,Chess,63,False,True,False,0,bachelor,A,False,0.16708586852198337
2676,female,30,Dutch,Cricket,56,False,True,False,1,bachelor,C,False,0.4481637533051899
1098,other,32,Dutch,Rugby,56,False,True,False,1,bachelor,B,False,0.25069834218812276
2872,female,24,Dutch,Chess,59,False,False,False,1,master,C,True,0.4866531410568389
3518,male,27,Dutch,Running,69,False,False,False,0,master,D,True,0.2998622331483824
2154,male,32,Belgian,Cricket,69,False,False,False,1,master,C,True,0.37447108991443473
3717,male,24,Belgian,Tennis,60,True,False,False,2,master,D,False,0.2673553062671362
1487,male,25,Dutch,Football,62,False,False,False,1,bachelor,B,False,0.16365953617309775
934,female,24,Dutch,Football,64,True,False,False,2,bachelor,A,True,0.5194653195052379
496,female,23,Dutch,Tennis,61,False,True,False,1,bachelor,A,False,0.39840857360318405
3895,female,28,German,Running,67,False,False,False,1,master,D,False,0.5705376648321296
1764,male,27,Dutch,Cricket,57,False,False,False,1,bachelor,B,False,0.21985278103043107
3337,female,28,Dutch,Running,60,False,False,False,0,bachelor,D,False,0.0827755493833038
2401,female,26,Dutch,Football,58,False,True,False,0,master,C,False,0.26845529066585105
98,female,26,Dutch,Chess,69,False,False,False,1,master,A,True,0.6853407774280563
2349,male,24,German,Swimming,60,False,False,True,2,bachelor,C,False,0.2501386830767718
3833,male,24,Dutch,Rugby,51,False,True,True,2,master,D,False,0.07554501774932934
3855,female,23,Dutch,Swimming,69,False,False,False,0,master,D,False,0.29979269272231196
2691,male,23,Belgian,Running,61,False,True,False,1,bachelor,C,True,0.5171118998350865
3735,female,24,Dutch,Swimming,63,False,False,False,2,bachelor,D,False,0.25413906179743984
1606,male,21,Dutch,Football,66,False,False,False,1,bachelor,B,False,0.12572569156059246
642,female,23,Dutch,Swimming,68,True,False,False,1,master,A,True,0.585948689652888
1271,male,30,Dutch,Rugby,65,True,False,False,2,master,B,True,0.7366247926087428
1705,male,30,Dutch,Golf,68,False,True,False,1,master,B,False,0.24606461043814765
3237,female,26,Dutch,Running,55,False,False,False,0,bachelor,D,False,0.04939522879948311
1917,female,22,Dutch,Tennis,60,False,False,False,1,bachelor,B,False,0.2368280620041726
1882,male,27,Dutch,Football,62,False,False,False,1,bachelor,B,False,0.16365953617309775
2681,male,25,Dutch,Rugby,63,False,True,False,2,master,C,True,0.8289865700840024
3824,male,25,Dutch,Rugby,61,False,False,True,3,master,D,False,0.2691545579090245
3008,female,26,Dutch,Football,70,False,False,False,1,bachelor,D,True,0.389068713269409
3625,male,25,Dutch,Football,62,False,False,True,2,bachelor,D,False,0.15041182977135775
935,male,23,Dutch,Running,60,False,False,False,0,bachelor,A,False,0.10983779822667014
1658,male,27,Dutch,Tennis,67,False,False,False,1,master,B,False,0.2696978210389629
679,female,24,Belgian,Football,62,True,False,True,3,bachelor,A,True,0.5653646707816524
699,female,26,German,Cricket,59,False,True,False,0,master,A,False,0.17768964489072303
160,female,27,Dutch,Chess,66,False,False,False,0,bachelor,A,False,0.12105294825663418
1345,male,24,Dutch,Swimming,70,False,True,False,2,master,B,True,0.5966198547645954
1653,female,24,Dutch,Football,72,False,False,False,1,master,B,False,0.20546075875107345
2553,male,21,Belgian,Tennis,66,False,False,False,1,bachelor,C,False,0.15493262471780525
1623,male,30,Dutch,Tennis,69,True,True,True,3,master,B,True,0.8365697151698126
3729,male,26,Dutch,Rugby,52,False,True,False,1,master,D,False,0.051287493216775025
1467,male,32,Dutch,Golf,60,False,True,False,1,master,B,False,0.2409879915311086
845,female,27,German,Football,65,False,True,False,1,master,A,True,0.7483755897485371
2309,male,27,Dutch,Football,53,True,False,True,3,master,C,False,0.3999920295011638
1698,male,30,Dutch,Cricket,58,False,False,False,0,bachelor,B,False,0.05178084811931529
1252,male,24,Dutch,Rugby,51,False,True,False,2,master,B,True,0.5334851393506758
3211,male,24,Dutch,Rugby,59,True,False,True,3,master,D,False,0.19519044943302527
1156,female,24,Dutch,Cricket,62,False,False,True,2,bachelor,B,False,0.4662322942509342
2402,male,29,Dutch,Rugby,57,True,False,True,3,master,C,True,0.4096643105756276
1323,male,30,Dutch,Rugby,63,True,False,False,2,master,B,True,0.7528772582918534
1193,male,32,Dutch,Cricket,68,False,True,False,1,master,B,False,0.26991356998704064
521,female,23,Dutch,Golf,62,False,False,False,1,bachelor,A,True,0.3155648175443026
3176,female,21,Dutch,Chess,70,False,False,False,1,master,D,True,0.7697195582259158
229,female,23,Dutch,Swimming,59,False,False,False,1,bachelor,A,True,0.27964632686182805
1241,male,30,Dutch,Rugby,59,False,False,False,2,bachelor,B,True,0.552377078468672
2924,male,26,Dutch,Cricket,54,False,False,False,1,bachelor,C,False,0.2506809249198363
242,female,23,Dutch,Chess,61,False,True,False,0,master,A,False,0.21912707858167266
2529,female,22,Dutch,Tennis,73,False,False,False,2,bachelor,C,False,0.11598011203645481
785,female,27,Dutch,Golf,67,True,False,False,2,bachelor,A,True,0.4173474505510061
57,male,25,German,Football,52,False,False,False,1,master,A,False,0.2894251947335067
2478,male,26,Dutch,Football,56,True,False,True,3,bachelor,C,False,0.24304809510842657
12,female,27,German,Football,62,False,False,False,1,bachelor,A,False,0.2764151170440767
1129,female,24,Dutch,Chess,70,False,False,False,0,phd,B,False,0.04456169890639924
1611,male,29,Dutch,Rugby,55,False,False,False,1,master,B,False,0.30923160024701485
1212,female,28,Dutch,Rugby,53,False,False,False,1,bachelor,B,False,0.24961027910282654
3764,male,26,Belgian,Football,61,False,False,False,1,bachelor,D,False,0.14057361399419172
3392,male,28,Dutch,Football,58,False,False,False,1,bachelor,D,False,0.09155411895624029
63,male,32,Dutch,Rugby,68,False,False,False,1,master,A,True,0.6910089423997636
2129,female,27,Dutch,Cricket,62,False,True,False,1,phd,C,True,0.7515265100753414
3357,male,30,German,Cricket,70,False,True,False,0,master,D,False,0.37807734350663247
686,female,26,Dutch,Football,77,True,False,True,2,master,A,True,0.6637357420039398
730,male,28,German,Running,61,False,False,True,2,bachelor,A,True,0.30937059999206534
2654,female,30,Dutch,Football,65,True,False,True,3,bachelor,C,False,0.24124991134561036
2815,male,24,Dutch,Football,65,False,True,False,2,bachelor,C,True,0.5895214882831593
3903,male,29,Dutch,Rugby,52,True,False,True,2,bachelor,D,False,0.05587461320917424
258,male,28,Dutch,Tennis,64,False,False,False,2,master,A,True,0.8022357837307393
1147,male,30,Dutch,Rugby,63,False,True,False,0,master,B,False,0.0336401475349162
3262,female,21,Dutch,Running,65,False,False,False,1,bachelor,D,False,0.28996302832490317
3546,female,21,Belgian,Swimming,64,False,False,False,0,bachelor,D,False,0.12335339413502892
598,male,29,Dutch,Football,50,False,False,False,2,bachelor,A,False,0.17163934388187774
2264,male,32,Dutch,Rugby,60,False,True,False,0,master,C,False,0.2734477988867522
2105,male,31,Dutch,Golf,64,False,True,False,2,bachelor,C,True,0.5669616353923413
463,female,22,Dutch,Football,69,False,False,False,1,bachelor,A,False,0.23157759738022388
2392,female,28,German,Running,65,False,False,False,1,master,C,False,0.3225926360401021
3671,male,31,Dutch,Cricket,56,False,False,False,0,master,D,False,0.04733434794713687
702,female,24,Dutch,Swimming,70,False,False,True,2,master,A,True,0.7264067382694915
3547,male,26,Dutch,Rugby,54,True,False,False,2,master,D,False,0.09330339902905636
2748,male,27,Dutch,Swimming,60,True,False,True,2,bachelor,C,False,0.26930051919930564
2842,male,24,Dutch,Rugby,61,False,False,True,2,bachelor,C,False,0.26152355356014656
2839,female,22,Dutch,Cricket,66,True,False,True,2,bachelor,C,False,0.22904206619258813
3846,other,30,Dutch,Football,59,True,False,True,3,bachelor,D,False,0.12654547838796038
3828,male,30,Belgian,Rugby,62,False,True,False,1,master,D,False,0.32431393126642266
352,female,30,German,Golf,56,False,True,False,0,master,A,False,0.1650841857348074
3864,male,28,Belgian,Rugby,55,True,False,True,2,phd,D,False,0.13471288056776495
2820,male,28,German,Rugby,54,True,False,True,3,bachelor,C,False,0.18721910694773566
3555,female,26,Dutch,Tennis,66,False,False,False,1,master,D,True,0.516084943791031
2569,female,21,Belgian,Running,58,False,False,False,2,bachelor,C,False,0.2675622457942996
1436,male,24,Belgian,Football,66,False,True,True,2,master,B,True,0.681858650536773
1573,female,21,Dutch,Swimming,60,False,False,False,1,bachelor,B,False,0.2292766108972227
2318,female,25,Dutch,Running,62,False,True,False,0,master,C,False,0.23930151897239668
1962,female,22,Dutch,Football,59,False,False,False,1,bachelor,B,False,0.19291587211313926
1063,female,30,Dutch,Rugby,66,False,True,False,1,master,B,False,0.26539704944896486
857,female,22,Dutch,Tennis,67,False,False,False,1,bachelor,A,False,0.23045721221883295
1755,male,32,German,Golf,52,False,False,False,0,bachelor,B,False,0.07541869875354028
1030,female,22,Belgian,Chess,60,False,False,False,1,bachelor,B,False,0.191552282057789
706,female,29,Dutch,Golf,55,False,False,False,1,bachelor,A,True,0.26273134335493603
3920,male,27,Dutch,Football,58,True,False,False,2,bachelor,D,False,0.11771596204824804
2890,female,24,Dutch,Swimming,73,False,False,False,2,master,C,False,0.33190810142314964
1802,male,26,Dutch,Golf,64,False,True,False,1,master,B,False,0.23957778408700936
3666,male,30,Dutch,Rugby,61,False,False,False,2,bachelor,D,False,0.20355115608624869
490,male,22,Belgian,Running,69,False,False,False,1,master,A,False,0.5347228860645389
1054,female,30,Dutch,Tennis,55,True,False,True,3,bachelor,B,True,0.7893892147053749
2425,male,28,Dutch,Running,66,False,False,False,0,master,C,False,0.10172736786089702
1923,female,29,Belgian,Football,60,False,False,False,0,master,B,False,0.03935696128800201
696,female,23,Dutch,Football,64,True,False,True,2,bachelor,A,False,0.4914149607756027
3484,female,29,Dutch,Football,60,True,False,True,3,bachelor,D,False,0.1414316253153489
1394,female,26,Dutch,Rugby,51,False,False,False,2,master,B,True,0.5725952631350714
3892,male,22,Dutch,Swimming,67,False,False,False,1,bachelor,D,True,0.3774584972811125
1956,male,26,Dutch,Tennis,52,True,False,True,3,bachelor,B,True,0.7255118003539893
2639,male,27,Dutch,Rugby,53,False,False,False,1,bachelor,C,False,0.2363685429255046
